index,x,value
"(2.0, 2.0)","(-2.0, -2.0)",(0.0368102505332367+0.8371844661175648j)
"(1.794871794871795, 2.0)","(-1.794871794871795, -2.0)",(0.5603521713896877+0.11358911978987685j)
"(1.5897435897435899, 2.0)","(-1.5897435897435899, -2.0)",(0.5213722386480399+0.12841706256399393j)
"(1.3846153846153846, 2.0)","(-1.3846153846153846, -2.0)",(0.48407425939772303+0.14704615154614786j)
"(1.1794871794871795, 2.0)","(-1.1794871794871795, -2.0)",(0.632294933544219-0.4547139544263044j)
"(0.9743589743589745, 2.0)","(-0.9743589743589745, -2.0)",(0.17928773366833467-0.7997878136332006j)
"(0.7692307692307692, 2.0)","(-0.7692307692307692, -2.0)",(-0.7004010511583559-0.2227893396873813j)
"(0.5641025641025641, 2.0)","(-0.5641025641025641, -2.0)",(0.20777418314017507-0.3486042799672106j)
"(0.35897435897435903, 2.0)","(-0.35897435897435903, -2.0)",(0.09695802428054123+0.004619095019812603j)
"(0.15384615384615397, 2.0)","(-0.15384615384615397, -2.0)",(0.2268068568770556+0.4017680417772995j)
"(0.0512820512820511, 2.0)","(0.0512820512820511, -2.0)",(0.6671602598207913+0.4433393764527958j)
"(0.2564102564102564, 2.0)","(0.2564102564102564, -2.0)",(-0.054447521358071356-0.09880881860791622j)
"(0.4615384615384617, 2.0)","(0.4615384615384617, -2.0)",(-0.27037897730734817-0.15480755290676845j)
"(0.6666666666666665, 2.0)","(0.6666666666666665, -2.0)",(-0.11062936948324147-0.04969489134072895j)
"(0.8717948717948718, 2.0)","(0.8717948717948718, -2.0)",(-0.1290859272003077-0.1335630666030754j)
"(1.0769230769230766, 2.0)","(1.0769230769230766, -2.0)",(0.018435962296052273+0.17144382915483777j)
"(1.282051282051282, 2.0)","(1.282051282051282, -2.0)",(-0.9798007177720837-0.06469262903042136j)
"(1.4871794871794872, 2.0)","(1.4871794871794872, -2.0)",(-0.4607607234104234-0.5164827160468527j)
"(1.692307692307692, 2.0)","(1.692307692307692, -2.0)",(-0.012798980099020927-0.28690228812465285j)
"(1.8974358974358974, 2.0)","(1.8974358974358974, -2.0)",(0.35771596307131-0.1618520273502602j)
"(2.102564102564102, 2.0)","(2.102564102564102, -2.0)",(0.38574507442474804-0.37296048446452j)
"(2.3076923076923075, 2.0)","(2.3076923076923075, -2.0)",(0.5260825620594157-0.11521041541823533j)
"(2.5128205128205128, 2.0)","(2.5128205128205128, -2.0)",(-0.23872461914147886+0.45365308377378316j)
"(2.717948717948718, 2.0)","(2.717948717948718, -2.0)",(-0.3189248411387297-0.0007168645334121124j)
"(2.9230769230769234, 2.0)","(2.9230769230769234, -2.0)",(0.5041110745627356-0.5018919457144964j)
"(3.1282051282051277, 2.0)","(3.1282051282051277, -2.0)",(0.13006746605616623+0.27404001738322437j)
"(3.333333333333333, 2.0)","(3.333333333333333, -2.0)",(-0.4077670357203437+0.5147847754466752j)
"(3.5384615384615383, 2.0)","(3.5384615384615383, -2.0)",(-0.42354994699440596-0.5258247161202898j)
"(3.7435897435897436, 2.0)","(3.7435897435897436, -2.0)",(0.5795872734321672-0.5559034817843953j)
"(3.948717948717949, 2.0)","(3.948717948717949, -2.0)",(0.07711365724481946+0.6611015167788961j)
"(4.153846153846153, 2.0)","(4.153846153846153, -2.0)",(-0.43304705241936337-0.2200277022931511j)
"(4.358974358974359, 2.0)","(4.358974358974359, -2.0)",(-0.009933125047767687-0.6125540138393533j)
"(4.564102564102564, 2.0)","(4.564102564102564, -2.0)",(0.34807612104643976-0.017387511758113584j)
"(4.769230769230769, 2.0)","(4.769230769230769, -2.0)",(0.005294847326060638+0.24054144465681132j)
"(4.9743589743589745, 2.0)","(4.9743589743589745, -2.0)",(0.03493566624803414-0.25419017448227776j)
"(5.179487179487179, 2.0)","(5.179487179487179, -2.0)",(0.15176496564975314-0.08201546648115234j)
"(5.384615384615384, 2.0)","(5.384615384615384, -2.0)",(0.1275413721847481+0.204328502923376j)
"(5.589743589743589, 2.0)","(5.589743589743589, -2.0)",(0.0015797568412119212-0.1320880991469945j)
"(5.794871794871795, 2.0)","(5.794871794871795, -2.0)",(0.06944534159641036-0.17968699973378036j)
"(6.0, 2.0)","(6.0, -2.0)",(0.19760551486893332-0.05505976510087746j)
"(2.0, 1.7894736842105263)","(-2.0, -1.7894736842105263)",(0.6696047129243782-0.36503201153101134j)
"(1.794871794871795, 1.7894736842105263)","(-1.794871794871795, -1.7894736842105263)",(0.17820761746718794-0.5529503834614083j)
"(1.5897435897435899, 1.7894736842105263)","(-1.5897435897435899, -1.7894736842105263)",(-0.5012027774457648-0.1012823073178385j)
"(1.3846153846153846, 1.7894736842105263)","(-1.3846153846153846, -1.7894736842105263)",(-0.3041440915724563-0.19958193215874842j)
"(1.1794871794871795, 1.7894736842105263)","(-1.1794871794871795, -1.7894736842105263)",(-0.45478547231538363-0.32548302024597375j)
"(0.9743589743589745, 1.7894736842105263)","(-0.9743589743589745, -1.7894736842105263)",(-1.018578665124252+0.704311017421556j)
"(0.7692307692307692, 1.7894736842105263)","(-0.7692307692307692, -1.7894736842105263)",(-0.96589901223781+0.648665575167557j)
"(0.5641025641025641, 1.7894736842105263)","(-0.5641025641025641, -1.7894736842105263)",(-0.16518362168982104+0.4736391709093862j)
"(0.35897435897435903, 1.7894736842105263)","(-0.35897435897435903, -1.7894736842105263)",(0.1606232552219678-0.2541681089293412j)
"(0.15384615384615397, 1.7894736842105263)","(-0.15384615384615397, -1.7894736842105263)",(0.45999003129637056-0.7422376480080457j)
"(0.0512820512820511, 1.7894736842105263)","(0.0512820512820511, -1.7894736842105263)",(0.34652069972715416-0.36038437738635404j)
"(0.2564102564102564, 1.7894736842105263)","(0.2564102564102564, -1.7894736842105263)",(-0.16089573942276325+0.09610073189394688j)
"(0.4615384615384617, 1.7894736842105263)","(0.4615384615384617, -1.7894736842105263)",(-0.08527865096002651+0.35808462731151564j)
"(0.6666666666666665, 1.7894736842105263)","(0.6666666666666665, -1.7894736842105263)",(-0.11088357868601191-0.3161569283779322j)
"(0.8717948717948718, 1.7894736842105263)","(0.8717948717948718, -1.7894736842105263)",(-0.01318402588542963-0.14682964348019112j)
"(1.0769230769230766, 1.7894736842105263)","(1.0769230769230766, -1.7894736842105263)",(0.24071446072975325+0.4035340731185864j)
"(1.282051282051282, 1.7894736842105263)","(1.282051282051282, -1.7894736842105263)",(-0.030042554165139027+0.4105618187668281j)
"(1.4871794871794872, 1.7894736842105263)","(1.4871794871794872, -1.7894736842105263)",(-0.5055436094741284+0.5326540433860992j)
"(1.692307692307692, 1.7894736842105263)","(1.692307692307692, -1.7894736842105263)",(-0.4029333238941203-0.12165906328319892j)
"(1.8974358974358974, 1.7894736842105263)","(1.8974358974358974, -1.7894736842105263)",(0.07271636802533492+0.03381975443895955j)
"(2.102564102564102, 1.7894736842105263)","(2.102564102564102, -1.7894736842105263)",(-0.06553204518225295-0.32197375728320204j)
"(2.3076923076923075, 1.7894736842105263)","(2.3076923076923075, -1.7894736842105263)",(0.28720398474985454-0.7222935083569056j)
"(2.5128205128205128, 1.7894736842105263)","(2.5128205128205128, -1.7894736842105263)",(-0.13074412746452246+0.560243578726821j)
"(2.717948717948718, 1.7894736842105263)","(2.717948717948718, -1.7894736842105263)",(-0.7833674182400482+0.6030559519114266j)
"(2.9230769230769234, 1.7894736842105263)","(2.9230769230769234, -1.7894736842105263)",(-0.28607894687351687-0.44844016829960864j)
"(3.1282051282051277, 1.7894736842105263)","(3.1282051282051277, -1.7894736842105263)",(0.7524757954477462-0.33009530887123717j)
"(3.333333333333333, 1.7894736842105263)","(3.333333333333333, -1.7894736842105263)",(-0.010031170504316261+0.27913489631144034j)
"(3.5384615384615383, 1.7894736842105263)","(3.5384615384615383, -1.7894736842105263)",(-0.3322027669637639+0.010422895156352231j)
"(3.7435897435897436, 1.7894736842105263)","(3.7435897435897436, -1.7894736842105263)",(-0.10927453474576382-0.7724579990378597j)
"(3.948717948717949, 1.7894736842105263)","(3.948717948717949, -1.7894736842105263)",(0.2511280269942612+0.26555514243653905j)
"(4.153846153846153, 1.7894736842105263)","(4.153846153846153, -1.7894736842105263)",(0.037377062971819586+0.3055187369099074j)
"(4.358974358974359, 1.7894736842105263)","(4.358974358974359, -1.7894736842105263)",(-0.36426062557503597-0.3472433606045196j)
"(4.564102564102564, 1.7894736842105263)","(4.564102564102564, -1.7894736842105263)",(0.15994367563395262+0.32341499930725764j)
"(4.769230769230769, 1.7894736842105263)","(4.769230769230769, -1.7894736842105263)",(-0.1832261356102306+0.2707356682488075j)
"(4.9743589743589745, 1.7894736842105263)","(4.9743589743589745, -1.7894736842105263)",(-0.09762492730322113-0.3344047198597432j)
"(5.179487179487179, 1.7894736842105263)","(5.179487179487179, -1.7894736842105263)",(-0.28654465873972274-0.1796403436227967j)
"(5.384615384615384, 1.7894736842105263)","(5.384615384615384, -1.7894736842105263)",(0.15078623004246383+0.13574152172563278j)
"(5.589743589743589, 1.7894736842105263)","(5.589743589743589, -1.7894736842105263)",(0.10459744916119613+0.044571231778346314j)
"(5.794871794871795, 1.7894736842105263)","(5.794871794871795, -1.7894736842105263)",(0.12191920306280948-0.11880627791325712j)
"(6.0, 1.7894736842105263)","(6.0, -1.7894736842105263)",(-0.17580279968335671-0.16553018158805202j)
"(2.0, 1.5789473684210527)","(-2.0, -1.5789473684210527)",(-0.13833202721962634-0.9869780615330142j)
"(1.794871794871795, 1.5789473684210527)","(-1.794871794871795, -1.5789473684210527)",(-0.6742770606943431+0.4443219324317958j)
"(1.5897435897435899, 1.5789473684210527)","(-1.5897435897435899, -1.5789473684210527)",(-0.407448172312081+0.8491977114392701j)
"(1.3846153846153846, 1.5789473684210527)","(-1.3846153846153846, -1.5789473684210527)",(-0.03487369199515253+0.8450158265653887j)
"(1.1794871794871795, 1.5789473684210527)","(-1.1794871794871795, -1.5789473684210527)",(-0.06758801610413706+0.580077057530562j)
"(0.9743589743589745, 1.5789473684210527)","(-0.9743589743589745, -1.5789473684210527)",(0.4526983501515753+0.8489987517675569j)
"(0.7692307692307692, 1.5789473684210527)","(-0.7692307692307692, -1.5789473684210527)",(0.48775265373855897+0.45645860602318855j)
"(0.5641025641025641, 1.5789473684210527)","(-0.5641025641025641, -1.5789473684210527)",(0.649701165367859+0.08386337298537833j)
"(0.35897435897435903, 1.5789473684210527)","(-0.35897435897435903, -1.5789473684210527)",(-0.3729383430250536+0.13441199627714956j)
"(0.15384615384615397, 1.5789473684210527)","(-0.15384615384615397, -1.5789473684210527)",(-1.1975485931083414-0.09646109216690335j)
"(0.0512820512820511, 1.5789473684210527)","(0.0512820512820511, -1.5789473684210527)",(-0.1695086913113422-0.299509948254728j)
"(0.2564102564102564, 1.5789473684210527)","(0.2564102564102564, -1.5789473684210527)",(0.7037241854195646-0.1637783842370636j)
"(0.4615384615384617, 1.5789473684210527)","(0.4615384615384617, -1.5789473684210527)",(-0.15628633053277385+0.2361450510637381j)
"(0.6666666666666665, 1.5789473684210527)","(0.6666666666666665, -1.5789473684210527)",(0.1281134846989679+0.1603473493466278j)
"(0.8717948717948718, 1.5789473684210527)","(0.8717948717948718, -1.5789473684210527)",(0.18824949979486771-0.6650142935648193j)
"(1.0769230769230766, 1.5789473684210527)","(1.0769230769230766, -1.5789473684210527)",(0.22934975468495764-0.5317210138345881j)
"(1.282051282051282, 1.5789473684210527)","(1.282051282051282, -1.5789473684210527)",(0.6164996478251981-0.3969675668536634j)
"(1.4871794871794872, 1.5789473684210527)","(1.4871794871794872, -1.5789473684210527)",(0.27690919843615025+0.2822058282074906j)
"(1.692307692307692, 1.5789473684210527)","(1.692307692307692, -1.5789473684210527)",(0.5131356662903808+0.5252496045808941j)
"(1.8974358974358974, 1.5789473684210527)","(1.8974358974358974, -1.5789473684210527)",(0.09177241610844822+0.3157787023896978j)
"(2.102564102564102, 1.5789473684210527)","(2.102564102564102, -1.5789473684210527)",(-0.3985188709955172+0.48295218952689367j)
"(2.3076923076923075, 1.5789473684210527)","(2.3076923076923075, -1.5789473684210527)",(-0.7819743578337914-0.438663850157304j)
"(2.5128205128205128, 1.5789473684210527)","(2.5128205128205128, -1.5789473684210527)",(0.40280106848026376-0.19484504569479327j)
"(2.717948717948718, 1.5789473684210527)","(2.717948717948718, -1.5789473684210527)",(0.3749714561365314+0.5807923339600419j)
"(2.9230769230769234, 1.5789473684210527)","(2.9230769230769234, -1.5789473684210527)",(-0.6627419329423974+0.23942672976587343j)
"(3.1282051282051277, 1.5789473684210527)","(3.1282051282051277, -1.5789473684210527)",(-0.13378346268070546-0.36487785312812115j)
"(3.333333333333333, 1.5789473684210527)","(3.333333333333333, -1.5789473684210527)",(0.8412139934965667+0.37550827132615916j)
"(3.5384615384615383, 1.5789473684210527)","(3.5384615384615383, -1.5789473684210527)",(-0.06646855225328664+0.30187601879300396j)
"(3.7435897435897436, 1.5789473684210527)","(3.7435897435897436, -1.5789473684210527)",(-0.19548202430211067-0.32973493030299245j)
"(3.948717948717949, 1.5789473684210527)","(3.948717948717949, -1.5789473684210527)",(0.019706818460326764-0.3057229723867044j)
"(4.153846153846153, 1.5789473684210527)","(4.153846153846153, -1.5789473684210527)",(-0.42142615982462617+0.1739048425129381j)
"(4.358974358974359, 1.5789473684210527)","(4.358974358974359, -1.5789473684210527)",(-0.261781182545548-0.06693844064275466j)
"(4.564102564102564, 1.5789473684210527)","(4.564102564102564, -1.5789473684210527)",(0.07990182624066994+0.07371233624442122j)
"(4.769230769230769, 1.5789473684210527)","(4.769230769230769, -1.5789473684210527)",(-0.10996589771804413-0.027486510069448095j)
"(4.9743589743589745, 1.5789473684210527)","(4.9743589743589745, -1.5789473684210527)",(-0.10306656711256061+0.04446246071981459j)
"(5.179487179487179, 1.5789473684210527)","(5.179487179487179, -1.5789473684210527)",(0.19851655412583613+0.030165814501727367j)
"(5.384615384615384, 1.5789473684210527)","(5.384615384615384, -1.5789473684210527)",(0.12397270763240013+0.1106987143269213j)
"(5.589743589743589, 1.5789473684210527)","(5.589743589743589, -1.5789473684210527)",(0.0005875981641621664-0.08351082957716661j)
"(5.794871794871795, 1.5789473684210527)","(5.794871794871795, -1.5789473684210527)",(0.08990471948385081-0.018091001055823314j)
"(6.0, 1.5789473684210527)","(6.0, -1.5789473684210527)",(0.07366686016065081+0.25756289062815513j)
"(2.0, 1.368421052631579)","(-2.0, -1.368421052631579)",(-0.591577951839293-0.03295044662818586j)
"(1.794871794871795, 1.368421052631579)","(-1.794871794871795, -1.368421052631579)",(0.29644988969505565+0.6024240425616417j)
"(1.5897435897435899, 1.368421052631579)","(-1.5897435897435899, -1.368421052631579)",(0.7991455389492425+0.2910004684497979j)
"(1.3846153846153846, 1.368421052631579)","(-1.3846153846153846, -1.368421052631579)",(0.5104545639911117-0.056343871017564384j)
"(1.1794871794871795, 1.368421052631579)","(-1.1794871794871795, -1.368421052631579)",(0.5269307496747965-0.5773661775015273j)
"(0.9743589743589745, 1.368421052631579)","(-0.9743589743589745, -1.368421052631579)",(0.7863204476648906-0.4421688985593505j)
"(0.7692307692307692, 1.368421052631579)","(-0.7692307692307692, -1.368421052631579)",(0.4930581046396467-0.5483545533007507j)
"(0.5641025641025641, 1.368421052631579)","(-0.5641025641025641, -1.368421052631579)",(0.09350108354937972-1.0465683934263663j)
"(0.35897435897435903, 1.368421052631579)","(-0.35897435897435903, -1.368421052631579)",(-0.5255938178797429+0.11982336208301528j)
"(0.15384615384615397, 1.368421052631579)","(-0.15384615384615397, -1.368421052631579)",(-0.14201479785735038+0.5358315215489007j)
"(0.0512820512820511, 1.368421052631579)","(0.0512820512820511, -1.368421052631579)",(0.465358444616184+0.7426512597527177j)
"(0.2564102564102564, 1.368421052631579)","(0.2564102564102564, -1.368421052631579)",(0.016546768733661565+0.3176049558654918j)
"(0.4615384615384617, 1.368421052631579)","(0.4615384615384617, -1.368421052631579)",(-0.16574569247322765-1.1858327214421014j)
"(0.6666666666666665, 1.368421052631579)","(0.6666666666666665, -1.368421052631579)",(0.34674097526581327+0.5243952346327516j)
"(0.8717948717948718, 1.368421052631579)","(0.8717948717948718, -1.368421052631579)",(-0.9851773082488234+0.42930151742466965j)
"(1.0769230769230766, 1.368421052631579)","(1.0769230769230766, -1.368421052631579)",(-0.4492622286831493-0.13711870249934516j)
"(1.282051282051282, 1.368421052631579)","(1.282051282051282, -1.368421052631579)",(-0.19804473913984946-0.17917904717640526j)
"(1.4871794871794872, 1.368421052631579)","(1.4871794871794872, -1.368421052631579)",(0.21851866046147111+0.07079891835320501j)
"(1.692307692307692, 1.368421052631579)","(1.692307692307692, -1.368421052631579)",(0.24074251026384463-0.12665661103897566j)
"(1.8974358974358974, 1.368421052631579)","(1.8974358974358974, -1.368421052631579)",(0.8358163085988954-0.25224599016853316j)
"(2.102564102564102, 1.368421052631579)","(2.102564102564102, -1.368421052631579)",(-0.0113340996522889+0.9299135562644186j)
"(2.3076923076923075, 1.368421052631579)","(2.3076923076923075, -1.368421052631579)",(-0.9314208724627655-0.14714882756100597j)
"(2.5128205128205128, 1.368421052631579)","(2.5128205128205128, -1.368421052631579)",(-0.12937277804775005-0.5153931597738093j)
"(2.717948717948718, 1.368421052631579)","(2.717948717948718, -1.368421052631579)",(0.5802662148220327+0.0679654731892437j)
"(2.9230769230769234, 1.368421052631579)","(2.9230769230769234, -1.368421052631579)",(-0.5943523961460437+0.5393547365948055j)
"(3.1282051282051277, 1.368421052631579)","(3.1282051282051277, -1.368421052631579)",(-0.27698870804978154-0.44328608322393165j)
"(3.333333333333333, 1.368421052631579)","(3.333333333333333, -1.368421052631579)",(0.047466355461609974-0.44293686075773003j)
"(3.5384615384615383, 1.368421052631579)","(3.5384615384615383, -1.368421052631579)",(0.1483234478710993+0.09536832428265477j)
"(3.7435897435897436, 1.368421052631579)","(3.7435897435897436, -1.368421052631579)",(-0.17504782345728256+0.3279982540583973j)
"(3.948717948717949, 1.368421052631579)","(3.948717948717949, -1.368421052631579)",(0.111397904320378-0.34801907682118677j)
"(4.153846153846153, 1.368421052631579)","(4.153846153846153, -1.368421052631579)",(0.14008602940259146-0.39266420274487496j)
"(4.358974358974359, 1.368421052631579)","(4.358974358974359, -1.368421052631579)",(-0.28305427698510965-0.08018362398773643j)
"(4.564102564102564, 1.368421052631579)","(4.564102564102564, -1.368421052631579)",(-0.11437008265658756-0.21251948571043877j)
"(4.769230769230769, 1.368421052631579)","(4.769230769230769, -1.368421052631579)",(-0.44446993240017224-0.03537961666523575j)
"(4.9743589743589745, 1.368421052631579)","(4.9743589743589745, -1.368421052631579)",(-0.057253095253001846-0.05770082758278308j)
"(5.179487179487179, 1.368421052631579)","(5.179487179487179, -1.368421052631579)",(0.02778150091520317+0.046612961871011896j)
"(5.384615384615384, 1.368421052631579)","(5.384615384615384, -1.368421052631579)",(0.02611777079188413+0.12623208216198414j)
"(5.589743589743589, 1.368421052631579)","(5.589743589743589, -1.368421052631579)",(0.12272307453749667-0.2765587716237807j)
"(5.794871794871795, 1.368421052631579)","(5.794871794871795, -1.368421052631579)",(0.2980653134389628-0.012524909039533003j)
"(6.0, 1.368421052631579)","(6.0, -1.368421052631579)",(-0.056750724389974805+0.2928634048596641j)
"(2.0, 1.1578947368421053)","(-2.0, -1.1578947368421053)",(0.27958916882949203+0.39773523792824733j)
"(1.794871794871795, 1.1578947368421053)","(-1.794871794871795, -1.1578947368421053)",(0.2301497121966574+0.04847420348818267j)
"(1.5897435897435899, 1.1578947368421053)","(-1.5897435897435899, -1.1578947368421053)",(0.13459748891002782-0.7045172511740987j)
"(1.3846153846153846, 1.1578947368421053)","(-1.3846153846153846, -1.1578947368421053)",(-0.8349542279009143-0.20979409929583087j)
"(1.1794871794871795, 1.1578947368421053)","(-1.1794871794871795, -1.1578947368421053)",(-0.5639088016868955-0.11172060185922306j)
"(0.9743589743589745, 1.1578947368421053)","(-0.9743589743589745, -1.1578947368421053)",(-0.4687849733480846+0.5110327090371886j)
"(0.7692307692307692, 1.1578947368421053)","(-0.7692307692307692, -1.1578947368421053)",(-1.0614056035318935-0.028350684113555166j)
"(0.5641025641025641, 1.1578947368421053)","(-0.5641025641025641, -1.1578947368421053)",(-1.0200366142921249-0.07576395061208711j)
"(0.35897435897435903, 1.1578947368421053)","(-0.35897435897435903, -1.1578947368421053)",(0.28935478500863315+0.6130481609267437j)
"(0.15384615384615397, 1.1578947368421053)","(-0.15384615384615397, -1.1578947368421053)",(0.7610079514482516-0.47774370814398054j)
"(0.0512820512820511, 1.1578947368421053)","(0.0512820512820511, -1.1578947368421053)",(0.7907987258938437-0.058454398200133095j)
"(0.2564102564102564, 1.1578947368421053)","(0.2564102564102564, -1.1578947368421053)",(-0.12405351403204737+0.4797832302198193j)
"(0.4615384615384617, 1.1578947368421053)","(0.4615384615384617, -1.1578947368421053)",(-0.8563083800786176+0.07875408324655656j)
"(0.6666666666666665, 1.1578947368421053)","(0.6666666666666665, -1.1578947368421053)",(0.3185777970469598-0.3878085759704244j)
"(0.8717948717948718, 1.1578947368421053)","(0.8717948717948718, -1.1578947368421053)",(-0.10663151974368089+0.8003130351949624j)
"(1.0769230769230766, 1.1578947368421053)","(1.0769230769230766, -1.1578947368421053)",(-0.6277884476916579-0.29025855158256875j)
"(1.282051282051282, 1.1578947368421053)","(1.282051282051282, -1.1578947368421053)",(0.23403463344802797+0.6522781877194246j)
"(1.4871794871794872, 1.1578947368421053)","(1.4871794871794872, -1.1578947368421053)",(-0.39851474588755653+0.4729694552668329j)
"(1.692307692307692, 1.1578947368421053)","(1.692307692307692, -1.1578947368421053)",(-0.7600681712378897-0.1202836112673735j)
"(1.8974358974358974, 1.1578947368421053)","(1.8974358974358974, -1.1578947368421053)",(0.5033635871764035-0.6426654009184006j)
"(2.102564102564102, 1.1578947368421053)","(2.102564102564102, -1.1578947368421053)",(0.8467377159341494-0.43033470588773953j)
"(2.3076923076923075, 1.1578947368421053)","(2.3076923076923075, -1.1578947368421053)",(0.060349540693722364+0.2986340484762823j)
"(2.5128205128205128, 1.1578947368421053)","(2.5128205128205128, -1.1578947368421053)",(-0.611927138672859-0.03762783662534519j)
"(2.717948717948718, 1.1578947368421053)","(2.717948717948718, -1.1578947368421053)",(0.5865907205829549+0.18742302744272465j)
"(2.9230769230769234, 1.1578947368421053)","(2.9230769230769234, -1.1578947368421053)",(0.45241630583275283+0.5439761226158963j)
"(3.1282051282051277, 1.1578947368421053)","(3.1282051282051277, -1.1578947368421053)",(-0.41158841736951235-0.09252511903704613j)
"(3.333333333333333, 1.1578947368421053)","(3.333333333333333, -1.1578947368421053)",(-0.18417385958267873-0.036707150913549j)
"(3.5384615384615383, 1.1578947368421053)","(3.5384615384615383, -1.1578947368421053)",(0.02330051247172702+0.06955812807157893j)
"(3.7435897435897436, 1.1578947368421053)","(3.7435897435897436, -1.1578947368421053)",(0.23284254187984216-0.08690741090022219j)
"(3.948717948717949, 1.1578947368421053)","(3.948717948717949, -1.1578947368421053)",(-0.19885558755547306+0.009870744263490406j)
"(4.153846153846153, 1.1578947368421053)","(4.153846153846153, -1.1578947368421053)",(0.1255747608966961+0.11243874139858454j)
"(4.358974358974359, 1.1578947368421053)","(4.358974358974359, -1.1578947368421053)",(-0.011020997472605662-0.17509235914069077j)
"(4.564102564102564, 1.1578947368421053)","(4.564102564102564, -1.1578947368421053)",(0.15949938620268392+0.10850956058760235j)
"(4.769230769230769, 1.1578947368421053)","(4.769230769230769, -1.1578947368421053)",(-0.4017781183761784+0.15601177024862167j)
"(4.9743589743589745, 1.1578947368421053)","(4.9743589743589745, -1.1578947368421053)",(-0.19817414215661144-0.36254983037158206j)
"(5.179487179487179, 1.1578947368421053)","(5.179487179487179, -1.1578947368421053)",(0.38165045251268714-0.05080959351904785j)
"(5.384615384615384, 1.1578947368421053)","(5.384615384615384, -1.1578947368421053)",(-0.14489129206189066+0.11981420720428898j)
"(5.589743589743589, 1.1578947368421053)","(5.589743589743589, -1.1578947368421053)",(-0.10675399728967312-0.4752788944423563j)
"(5.794871794871795, 1.1578947368421053)","(5.794871794871795, -1.1578947368421053)",(-0.02757847948120976-0.273349959825147j)
"(6.0, 1.1578947368421053)","(6.0, -1.1578947368421053)",(-0.09447059931202807+0.5242381048273624j)
"(2.0, 0.9473684210526316)","(-2.0, -0.9473684210526316)",(1.1862440404619092-0.3966769387600413j)
"(1.794871794871795, 0.9473684210526316)","(-1.794871794871795, -0.9473684210526316)",(0.28169308573783547-0.4707158627313774j)
"(1.5897435897435899, 0.9473684210526316)","(-1.5897435897435899, -0.9473684210526316)",(-0.49798503076290573-0.16406087928717122j)
"(1.3846153846153846, 0.9473684210526316)","(-1.3846153846153846, -0.9473684210526316)",(-0.538169631154547+0.475478219024267j)
"(1.1794871794871795, 0.9473684210526316)","(-1.1794871794871795, -0.9473684210526316)",(0.44029156907394446+1.0705748883405262j)
"(0.9743589743589745, 0.9473684210526316)","(-0.9743589743589745, -0.9473684210526316)",(0.6638729922768551+0.20034426695659427j)
"(0.7692307692307692, 0.9473684210526316)","(-0.7692307692307692, -0.9473684210526316)",(0.9627763835690799+0.5600423184051432j)
"(0.5641025641025641, 0.9473684210526316)","(-0.5641025641025641, -0.9473684210526316)",(0.09107664221477244+1.2496287473073562j)
"(0.35897435897435903, 0.9473684210526316)","(-0.35897435897435903, -0.9473684210526316)",(1.1633849406094317-0.7523227384841535j)
"(0.4615384615384617, 0.9473684210526316)","(0.4615384615384617, -0.9473684210526316)",(-0.24107702004057902+0.06672477810849203j)
"(0.6666666666666665, 0.9473684210526316)","(0.6666666666666665, -0.9473684210526316)",(0.1783835049713685-0.5740037630070532j)
"(0.8717948717948718, 0.9473684210526316)","(0.8717948717948718, -0.9473684210526316)",(0.9636751763005176+0.03452934572919565j)
"(1.0769230769230766, 0.9473684210526316)","(1.0769230769230766, -0.9473684210526316)",(-0.5709144203789026+0.3104135562170241j)
"(1.282051282051282, 0.9473684210526316)","(1.282051282051282, -0.9473684210526316)",(1.0088464768402794-0.8352260452237246j)
"(1.4871794871794872, 0.9473684210526316)","(1.4871794871794872, -0.9473684210526316)",(1.3295363108819245+0.7112606348304672j)
"(1.692307692307692, 0.9473684210526316)","(1.692307692307692, -0.9473684210526316)",(-0.32247223162679983+0.48956675985382286j)
"(1.8974358974358974, 0.9473684210526316)","(1.8974358974358974, -0.9473684210526316)",(-0.9430920980351567-0.31101316845975235j)
"(2.102564102564102, 0.9473684210526316)","(2.102564102564102, -0.9473684210526316)",(0.2811999161349461-0.5693184958172738j)
"(2.3076923076923075, 0.9473684210526316)","(2.3076923076923075, -0.9473684210526316)",(0.7309300149734257+0.35896294906923404j)
"(2.5128205128205128, 0.9473684210526316)","(2.5128205128205128, -0.9473684210526316)",(-0.6064263173664388-0.08602898070772147j)
"(2.717948717948718, 0.9473684210526316)","(2.717948717948718, -0.9473684210526316)",(-0.01098457440895416-0.6849920894042973j)
"(2.9230769230769234, 0.9473684210526316)","(2.9230769230769234, -0.9473684210526316)",(0.1282154423657635-0.1479882464247475j)
"(3.1282051282051277, 0.9473684210526316)","(3.1282051282051277, -0.9473684210526316)",(0.03684369041888227+0.2192237028775422j)
"(3.333333333333333, 0.9473684210526316)","(3.333333333333333, -0.9473684210526316)",(0.06115113088528787+0.29643981791033264j)
"(3.5384615384615383, 0.9473684210526316)","(3.5384615384615383, -0.9473684210526316)",(-0.1240076711397145-0.1496489753660304j)
"(3.7435897435897436, 0.9473684210526316)","(3.7435897435897436, -0.9473684210526316)",(0.24757461590992452+0.011516055297134556j)
"(3.948717948717949, 0.9473684210526316)","(3.948717948717949, -0.9473684210526316)",(0.23508175253656266+0.15268600063309812j)
"(4.153846153846153, 0.9473684210526316)","(4.153846153846153, -0.9473684210526316)",(-0.03738003984852381+0.15133558703743688j)
"(4.358974358974359, 0.9473684210526316)","(4.358974358974359, -0.9473684210526316)",(-0.278658570078914-0.5576790253424749j)
"(4.564102564102564, 0.9473684210526316)","(4.564102564102564, -0.9473684210526316)",(0.23699468564203616+0.16399547564513373j)
"(4.769230769230769, 0.9473684210526316)","(4.769230769230769, -0.9473684210526316)",(-0.03953969308041115+0.39169974848388467j)
"(4.9743589743589745, 0.9473684210526316)","(4.9743589743589745, -0.9473684210526316)",(-0.5710298615929464-0.2365703869263325j)
"(5.179487179487179, 0.9473684210526316)","(5.179487179487179, -0.9473684210526316)",(0.5146243981499659-0.14303032219903308j)
"(5.384615384615384, 0.9473684210526316)","(5.384615384615384, -0.9473684210526316)",(0.17107204945182125+0.49284031145370194j)
"(5.589743589743589, 0.9473684210526316)","(5.589743589743589, -0.9473684210526316)",(-0.35513454973712527+0.023966703831295795j)
"(5.794871794871795, 0.9473684210526316)","(5.794871794871795, -0.9473684210526316)",(0.2243473274026877-0.29380146507649296j)
"(6.0, 0.9473684210526316)","(6.0, -0.9473684210526316)",(0.23533051958169066+0.3245126011390973j)
"(2.0, 0.736842105263158)","(-2.0, -0.736842105263158)",(0.08679036903304868-1.3824165999048472j)
"(1.794871794871795, 0.736842105263158)","(-1.794871794871795, -0.736842105263158)",(-1.3277840270512928+0.06765925614217064j)
"(1.5897435897435899, 0.736842105263158)","(-1.5897435897435899, -0.736842105263158)",(0.3851503718697238+1.4537496604217304j)
"(1.3846153846153846, 0.736842105263158)","(-1.3846153846153846, -0.736842105263158)",(0.766204852002399-0.19680242557563546j)
"(1.1794871794871795, 0.736842105263158)","(-1.1794871794871795, -0.736842105263158)",(0.6626452807687597-0.3535489123034836j)
"(0.9743589743589745, 0.736842105263158)","(-0.9743589743589745, -0.736842105263158)",(0.1974222159534989-0.9559811437861405j)
"(0.7692307692307692, 0.736842105263158)","(-0.7692307692307692, -0.736842105263158)",(0.4697984401596824-1.5137324073561906j)
"(0.8717948717948718, 0.736842105263158)","(0.8717948717948718, -0.736842105263158)",(-0.4582887074802109-0.1749562808315858j)
"(1.0769230769230766, 0.736842105263158)","(1.0769230769230766, -0.736842105263158)",(-0.8376539893038011+0.2725585626926426j)
"(1.282051282051282, 0.736842105263158)","(1.282051282051282, -0.736842105263158)",(-0.7163890122458203-1.2368101460295038j)
"(1.4871794871794872, 0.736842105263158)","(1.4871794871794872, -0.736842105263158)",(0.9347115462433677-0.8955601017275349j)
"(1.692307692307692, 0.736842105263158)","(1.692307692307692, -0.736842105263158)",(0.6736012358169454+0.39258819230795167j)
"(1.8974358974358974, 0.736842105263158)","(1.8974358974358974, -0.736842105263158)",(-0.49009856166209737+0.6328894868116407j)
"(2.102564102564102, 0.736842105263158)","(2.102564102564102, -0.736842105263158)",(-0.10038917562295993-0.7007006540353339j)
"(2.3076923076923075, 0.736842105263158)","(2.3076923076923075, -0.736842105263158)",(0.15505891909941286-0.37159128593481994j)
"(2.5128205128205128, 0.736842105263158)","(2.5128205128205128, -0.736842105263158)",(-0.2127266873219305+0.13561979733060892j)
"(2.717948717948718, 0.736842105263158)","(2.717948717948718, -0.736842105263158)",(0.1473011085172527-0.12979699988284302j)
"(2.9230769230769234, 0.736842105263158)","(2.9230769230769234, -0.736842105263158)",(0.09078820836711822+0.52989672377257j)
"(3.1282051282051277, 0.736842105263158)","(3.1282051282051277, -0.736842105263158)",(-0.12839484605645007-0.40639102166593677j)
"(3.333333333333333, 0.736842105263158)","(3.333333333333333, -0.736842105263158)",(0.11919126265737527+0.22387600057660845j)
"(3.5384615384615383, 0.736842105263158)","(3.5384615384615383, -0.736842105263158)",(-0.0657594668096681+0.3241752013371893j)
"(3.7435897435897436, 0.736842105263158)","(3.7435897435897436, -0.736842105263158)",(-0.025776770007475205-0.17940993159947033j)
"(3.948717948717949, 0.736842105263158)","(3.948717948717949, -0.736842105263158)",(0.616939297530438-0.05238395252795648j)
"(4.153846153846153, 0.736842105263158)","(4.153846153846153, -0.736842105263158)",(-0.06490663065137887+0.02625297522819382j)
"(4.358974358974359, 0.736842105263158)","(4.358974358974359, -0.736842105263158)",(-0.29744294676713584-0.17037204850054644j)
"(4.564102564102564, 0.736842105263158)","(4.564102564102564, -0.736842105263158)",(0.06454942724403212-0.05047027333269198j)
"(4.769230769230769, 0.736842105263158)","(4.769230769230769, -0.736842105263158)",(0.18690274175500515+0.6011359718136227j)
"(4.9743589743589745, 0.736842105263158)","(4.9743589743589745, -0.736842105263158)",(-0.3836531029501083-0.08141067232023386j)
"(5.179487179487179, 0.736842105263158)","(5.179487179487179, -0.736842105263158)",(0.23616502146304122-0.5430775540463454j)
"(5.384615384615384, 0.736842105263158)","(5.384615384615384, -0.736842105263158)",(0.1798481915436202+0.7059020353130252j)
"(5.589743589743589, 0.736842105263158)","(5.589743589743589, -0.736842105263158)",(-0.28508203333208054+0.07638440516983849j)
"(5.794871794871795, 0.736842105263158)","(5.794871794871795, -0.736842105263158)",(0.27601378280348016-0.7180648170813388j)
"(6.0, 0.736842105263158)","(6.0, -0.736842105263158)",(0.37584996985323815+0.0418331006644996j)
"(2.0, 0.5263157894736843)","(-2.0, -0.5263157894736843)",(-0.5630051315740264-0.5982989891636991j)
"(1.794871794871795, 0.5263157894736843)","(-1.794871794871795, -0.5263157894736843)",(-0.6659573707147403+0.7506121407293688j)
"(1.5897435897435899, 0.5263157894736843)","(-1.5897435897435899, -0.5263157894736843)",(1.0915447921910404+0.407527063685277j)
"(1.3846153846153846, 0.5263157894736843)","(-1.3846153846153846, -0.5263157894736843)",(0.4612036395371741-1.3170992184398862j)
"(1.1794871794871795, 0.5263157894736843)","(-1.1794871794871795, -0.5263157894736843)",(-1.1967039464190086-0.13276438615714867j)
"(0.9743589743589745, 0.5263157894736843)","(-0.9743589743589745, -0.5263157894736843)",(-0.7790018798830524+1.172938043305744j)
"(0.8717948717948718, 0.5263157894736843)","(0.8717948717948718, -0.5263157894736843)",(1.4567641040589019+0.8379945627653091j)
"(1.0769230769230766, 0.5263157894736843)","(1.0769230769230766, -0.5263157894736843)",(0.006609780949158255+1.0133182828224936j)
"(1.282051282051282, 0.5263157894736843)","(1.282051282051282, -0.5263157894736843)",(-0.961842451950307+0.534334455920311j)
"(1.4871794871794872, 0.5263157894736843)","(1.4871794871794872, -0.5263157894736843)",(0.033681988891298975-0.8636649414997614j)
"(1.692307692307692, 0.5263157894736843)","(1.692307692307692, -0.5263157894736843)",(0.33884370687655296-0.23889249676187374j)
"(1.8974358974358974, 0.5263157894736843)","(1.8974358974358974, -0.5263157894736843)",(-0.10565019566277259+0.12080613319362023j)
"(2.102564102564102, 0.5263157894736843)","(2.102564102564102, -0.5263157894736843)",(0.03754780706924342+0.236170898643048j)
"(2.3076923076923075, 0.5263157894736843)","(2.3076923076923075, -0.5263157894736843)",(-0.21655029498991274-0.2875957643295443j)
"(2.5128205128205128, 0.5263157894736843)","(2.5128205128205128, -0.5263157894736843)",(-0.18871297743707616-0.05108480209643119j)
"(2.717948717948718, 0.5263157894736843)","(2.717948717948718, -0.5263157894736843)",(0.09101819778184221+0.1150219425891183j)
"(2.9230769230769234, 0.5263157894736843)","(2.9230769230769234, -0.5263157894736843)",(-0.0382150616266323+0.275545604567106j)
"(3.1282051282051277, 0.5263157894736843)","(3.1282051282051277, -0.5263157894736843)",(-0.2864220789258491-0.5968265861539875j)
"(3.333333333333333, 0.5263157894736843)","(3.333333333333333, -0.5263157894736843)",(0.4837358809607495-0.01840644189186732j)
"(3.5384615384615383, 0.5263157894736843)","(3.5384615384615383, -0.5263157894736843)",(0.0022537191442150856+0.39089088014198853j)
"(3.7435897435897436, 0.5263157894736843)","(3.7435897435897436, -0.5263157894736843)",(-0.3607122479944243-0.11785763719112491j)
"(3.948717948717949, 0.5263157894736843)","(3.948717948717949, -0.5263157894736843)",(0.3561103272078879-0.376538663363364j)
"(4.153846153846153, 0.5263157894736843)","(4.153846153846153, -0.5263157894736843)",(0.015228029962359325+0.40119160002591137j)
"(4.358974358974359, 0.5263157894736843)","(4.358974358974359, -0.5263157894736843)",(-0.49102335724132257+0.4354875802649733j)
"(4.564102564102564, 0.5263157894736843)","(4.564102564102564, -0.5263157894736843)",(0.06023084142303922-0.4616666518684335j)
"(4.769230769230769, 0.5263157894736843)","(4.769230769230769, -0.5263157894736843)",(0.24791527783498107+0.18136572871208112j)
"(4.9743589743589745, 0.5263157894736843)","(4.9743589743589745, -0.5263157894736843)",(-0.47017715674911426+0.17507760743024683j)
"(5.179487179487179, 0.5263157894736843)","(5.179487179487179, -0.5263157894736843)",(-0.06364995983760158-0.6079328526954892j)
"(5.384615384615384, 0.5263157894736843)","(5.384615384615384, -0.5263157894736843)",(0.2737085070301542+0.34709121741597215j)
"(5.589743589743589, 0.5263157894736843)","(5.589743589743589, -0.5263157894736843)",(-0.414981509058192+0.16371624629653542j)
"(5.794871794871795, 0.5263157894736843)","(5.794871794871795, -0.5263157894736843)",(-0.031200381774109047-0.4789281439393568j)
"(6.0, 0.5263157894736843)","(6.0, -0.5263157894736843)",(0.39354663193017764+0.21805544216715056j)
"(2.0, 0.3157894736842106)","(-2.0, -0.3157894736842106)",(-0.11767442665771834+0.47617474394312287j)
"(1.794871794871795, 0.3157894736842106)","(-1.794871794871795, -0.3157894736842106)",(0.009364081952799563+0.18149308873138265j)
"(1.5897435897435899, 0.3157894736842106)","(-1.5897435897435899, -0.3157894736842106)",(0.6747734740149333-0.5569701304041192j)
"(1.3846153846153846, 0.3157894736842106)","(-1.3846153846153846, -0.3157894736842106)",(-0.7668916079842831-0.8735638690341159j)
"(1.1794871794871795, 0.3157894736842106)","(-1.1794871794871795, -0.3157894736842106)",(-0.9460824533713804+0.4175858779808762j)
"(0.9743589743589745, 0.3157894736842106)","(-0.9743589743589745, -0.3157894736842106)",(-0.09733096671393615+1.6389478935279937j)
"(1.0769230769230766, 0.3157894736842106)","(1.0769230769230766, -0.3157894736842106)",(1.2778408565061563+0.25155352934205116j)
"(1.282051282051282, 0.3157894736842106)","(1.282051282051282, -0.3157894736842106)",(-0.4818419202219583+0.5678954606456168j)
"(1.4871794871794872, 0.3157894736842106)","(1.4871794871794872, -0.3157894736842106)",(-0.10881769384100326-0.5359302469637093j)
"(1.692307692307692, 0.3157894736842106)","(1.692307692307692, -0.3157894736842106)",(-0.061598052585457794-0.02163567580029788j)
"(1.8974358974358974, 0.3157894736842106)","(1.8974358974358974, -0.3157894736842106)",(-0.4289114610884265-0.3972686252385198j)
"(2.102564102564102, 0.3157894736842106)","(2.102564102564102, -0.3157894736842106)",(0.6002559752552021-0.36387489873077455j)
"(2.3076923076923075, 0.3157894736842106)","(2.3076923076923075, -0.3157894736842106)",(0.23586629651595112+0.8147608368843531j)
"(2.5128205128205128, 0.3157894736842106)","(2.5128205128205128, -0.3157894736842106)",(-0.47237806789275344-0.09365531136542661j)
"(2.717948717948718, 0.3157894736842106)","(2.717948717948718, -0.3157894736842106)",(0.2163373689540723-0.3984742216644327j)
"(2.9230769230769234, 0.3157894736842106)","(2.9230769230769234, -0.3157894736842106)",(0.2990282724578335+0.5769574427697148j)
"(3.1282051282051277, 0.3157894736842106)","(3.1282051282051277, -0.3157894736842106)",(-0.8555559594086075+0.062432538229343595j)
"(3.333333333333333, 0.3157894736842106)","(3.333333333333333, -0.3157894736842106)",(0.058504000632648996-0.5231138378974882j)
"(3.5384615384615383, 0.3157894736842106)","(3.5384615384615383, -0.3157894736842106)",(0.469879432651982+0.5806295141121706j)
"(3.7435897435897436, 0.3157894736842106)","(3.7435897435897436, -0.3157894736842106)",(-0.5341985647781904+0.5403211056596231j)
"(3.948717948717949, 0.3157894736842106)","(3.948717948717949, -0.3157894736842106)",(0.22735498456142056-0.34503746651611117j)
"(4.153846153846153, 0.3157894736842106)","(4.153846153846153, -0.3157894736842106)",(0.5880561190578261+0.24742827916767596j)
"(4.358974358974359, 0.3157894736842106)","(4.358974358974359, -0.3157894736842106)",(-0.5733233920736285-0.0269226913101164j)
"(4.564102564102564, 0.3157894736842106)","(4.564102564102564, -0.3157894736842106)",(-0.033447503891910216-0.5524845237853492j)
"(4.769230769230769, 0.3157894736842106)","(4.769230769230769, -0.3157894736842106)",(0.36886087521962985+0.14722958807151224j)
"(4.9743589743589745, 0.3157894736842106)","(4.9743589743589745, -0.3157894736842106)",(-0.2590010524453289+0.5300848604183171j)
"(5.179487179487179, 0.3157894736842106)","(5.179487179487179, -0.3157894736842106)",(-0.023581951789971044-0.6755891120737397j)
"(5.384615384615384, 0.3157894736842106)","(5.384615384615384, -0.3157894736842106)",(0.5979919111480031+0.10344094462221992j)
"(5.589743589743589, 0.3157894736842106)","(5.589743589743589, -0.3157894736842106)",(-0.28707403338932863+0.4755681505955033j)
"(5.794871794871795, 0.3157894736842106)","(5.794871794871795, -0.3157894736842106)",(-0.18446278675483957-0.5614025140048451j)
"(6.0, 0.3157894736842106)","(6.0, -0.3157894736842106)",(0.4772090732528862+0.2486407095050889j)
"(2.0, 0.10526315789473695)","(-2.0, -0.10526315789473695)",(0.042808162882217116+0.7738423614383776j)
"(1.794871794871795, 0.10526315789473695)","(-1.794871794871795, -0.10526315789473695)",(0.21099591574023352+0.03903970713309031j)
"(1.5897435897435899, 0.10526315789473695)","(-1.5897435897435899, -0.10526315789473695)",(-0.4745685819970804-0.42875793946006996j)
"(1.3846153846153846, 0.10526315789473695)","(-1.3846153846153846, -0.10526315789473695)",(-0.3480602094392272+1.2142856315621848j)
"(1.1794871794871795, 0.10526315789473695)","(-1.1794871794871795, -0.10526315789473695)",(1.1008695516593827+0.8544795060502649j)
"(1.0769230769230766, 0.10526315789473695)","(1.0769230769230766, -0.10526315789473695)",(-0.4727816789031801+0.1852139156292274j)
"(1.282051282051282, 0.10526315789473695)","(1.282051282051282, -0.10526315789473695)",(0.5422740447861634-0.2251150611839614j)
"(1.4871794871794872, 0.10526315789473695)","(1.4871794871794872, -0.10526315789473695)",(0.44067710398085125+0.04060003820356729j)
"(1.692307692307692, 0.10526315789473695)","(1.692307692307692, -0.10526315789473695)",(-0.5065591377366685+0.9873750508479846j)
"(1.8974358974358974, 0.10526315789473695)","(1.8974358974358974, -0.10526315789473695)",(-0.475449262872172-0.17948882394904384j)
"(2.102564102564102, 0.10526315789473695)","(2.102564102564102, -0.10526315789473695)",(1.095339374201986-0.6060678259031903j)
"(2.3076923076923075, 0.10526315789473695)","(2.3076923076923075, -0.10526315789473695)",(-0.010227839777320002+0.5951157968588345j)
"(2.5128205128205128, 0.10526315789473695)","(2.5128205128205128, -0.10526315789473695)",(-0.4908453269585293-0.6164670540344828j)
"(2.717948717948718, 0.10526315789473695)","(2.717948717948718, -0.10526315789473695)",(0.07719533828669914-0.673613391148709j)
"(2.9230769230769234, 0.10526315789473695)","(2.9230769230769234, -0.10526315789473695)",(0.013152970858180887+0.44761124494344073j)
"(3.1282051282051277, 0.10526315789473695)","(3.1282051282051277, -0.10526315789473695)",(-0.5667771432390211-0.018595327252487692j)
"(3.333333333333333, 0.10526315789473695)","(3.333333333333333, -0.10526315789473695)",(0.01641408027816723-1.0461341674347933j)
"(3.5384615384615383, 0.10526315789473695)","(3.5384615384615383, -0.10526315789473695)",(0.7844396732382942+0.29519219683408604j)
"(3.7435897435897436, 0.10526315789473695)","(3.7435897435897436, -0.10526315789473695)",(-0.6759254426986907+0.17637671856837234j)
"(3.948717948717949, 0.10526315789473695)","(3.948717948717949, -0.10526315789473695)",(-0.037021886817423785-0.8243699273406112j)
"(4.153846153846153, 0.10526315789473695)","(4.153846153846153, -0.10526315789473695)",(0.35240236474238096+0.18173424888959422j)
"(4.358974358974359, 0.10526315789473695)","(4.358974358974359, -0.10526315789473695)",(-0.3481003454880018+0.4025331801119701j)
"(4.564102564102564, 0.10526315789473695)","(4.564102564102564, -0.10526315789473695)",(-0.3428422511367682-0.7109033030659617j)
"(4.769230769230769, 0.10526315789473695)","(4.769230769230769, -0.10526315789473695)",(0.5184980475869458-0.00752987004000872j)
"(4.9743589743589745, 0.10526315789473695)","(4.9743589743589745, -0.10526315789473695)",(-0.452064663650204+0.6609853938124572j)
"(5.179487179487179, 0.10526315789473695)","(5.179487179487179, -0.10526315789473695)",(-0.2964874137139798-0.6505648089580903j)
"(5.384615384615384, 0.10526315789473695)","(5.384615384615384, -0.10526315789473695)",(0.6435194940311415+0.018545634425538124j)
"(5.589743589743589, 0.10526315789473695)","(5.589743589743589, -0.10526315789473695)",(-0.2521009572019864+0.6218809119131045j)
"(5.794871794871795, 0.10526315789473695)","(5.794871794871795, -0.10526315789473695)",(-0.22920133763263584-0.5481517858475653j)
"(6.0, 0.10526315789473695)","(6.0, -0.10526315789473695)",(0.6046646670845559+0.10991494573772537j)
"(2.0, 0.10526315789473673)","(-2.0, 0.10526315789473673)",(-0.323938025308307+0.5191822654421732j)
"(1.794871794871795, 0.10526315789473673)","(-1.794871794871795, 0.10526315789473673)",(0.7009531382219862-0.2205831893331291j)
"(1.5897435897435899, 0.10526315789473673)","(-1.5897435897435899, 0.10526315789473673)",(-0.06862040899125206-0.6628125786699613j)
"(1.3846153846153846, 0.10526315789473673)","(-1.3846153846153846, 0.10526315789473673)",(-0.9481265658686656+0.6819486691912354j)
"(1.1794871794871795, 0.10526315789473673)","(-1.1794871794871795, 0.10526315789473673)",(1.29263755323989+1.2501695485433395j)
"(1.0769230769230766, 0.10526315789473673)","(1.0769230769230766, 0.10526315789473673)",(-0.9487935667490577+0.912603243105655j)
"(1.282051282051282, 0.10526315789473673)","(1.282051282051282, 0.10526315789473673)",(-0.805488289346073-1.0402521411721786j)
"(1.4871794871794872, 0.10526315789473673)","(1.4871794871794872, 0.10526315789473673)",(0.9750543650780241-0.4053892063869139j)
"(1.692307692307692, 0.10526315789473673)","(1.692307692307692, 0.10526315789473673)",(0.1881536153689327+0.8810338121669955j)
"(1.8974358974358974, 0.10526315789473673)","(1.8974358974358974, 0.10526315789473673)",(-0.72373118502054-0.04595166227881349j)
"(2.102564102564102, 0.10526315789473673)","(2.102564102564102, 0.10526315789473673)",(0.5719932278346417-0.3450653290574626j)
"(2.3076923076923075, 0.10526315789473673)","(2.3076923076923075, 0.10526315789473673)",(0.2450416227762417+0.5263168145334051j)
"(2.5128205128205128, 0.10526315789473673)","(2.5128205128205128, 0.10526315789473673)",(-0.8761223500778536-0.06989141389690645j)
"(2.717948717948718, 0.10526315789473673)","(2.717948717948718, 0.10526315789473673)",(0.23813988287509125-0.6421411673251121j)
"(2.9230769230769234, 0.10526315789473673)","(2.9230769230769234, 0.10526315789473673)",(0.17260954477755763+0.5581255254893274j)
"(3.1282051282051277, 0.10526315789473673)","(3.1282051282051277, 0.10526315789473673)",(-0.7111083489203679-0.058566104936756846j)
"(3.333333333333333, 0.10526315789473673)","(3.333333333333333, 0.10526315789473673)",(0.00806758602692981-0.2809343512957969j)
"(3.5384615384615383, 0.10526315789473673)","(3.5384615384615383, 0.10526315789473673)",(0.5021581312696097+0.5062079346405033j)
"(3.7435897435897436, 0.10526315789473673)","(3.7435897435897436, 0.10526315789473673)",(-0.5810857492532279+0.07667494670486975j)
"(3.948717948717949, 0.10526315789473673)","(3.948717948717949, 0.10526315789473673)",(-0.33451272185127284-0.46186500044722767j)
"(4.153846153846153, 0.10526315789473673)","(4.153846153846153, 0.10526315789473673)",(0.8615993103644085+0.266367369076015j)
"(4.358974358974359, 0.10526315789473673)","(4.358974358974359, 0.10526315789473673)",(-0.1173405714998217+0.2855961012888971j)
"(4.564102564102564, 0.10526315789473673)","(4.564102564102564, 0.10526315789473673)",(-0.21240681366367212-0.7197041145928519j)
"(4.769230769230769, 0.10526315789473673)","(4.769230769230769, 0.10526315789473673)",(0.6612548613055133-0.0012218124915265912j)
"(4.9743589743589745, 0.10526315789473673)","(4.9743589743589745, 0.10526315789473673)",(-0.24690089552541664+0.3953178979738815j)
"(5.179487179487179, 0.10526315789473673)","(5.179487179487179, 0.10526315789473673)",(0.01782043491938722-0.40954593557558766j)
"(5.384615384615384, 0.10526315789473673)","(5.384615384615384, 0.10526315789473673)",(0.6691843317915106+0.275837011388186j)
"(5.589743589743589, 0.10526315789473673)","(5.589743589743589, 0.10526315789473673)",(-0.21872146756022612+0.3737896229399748j)
"(5.794871794871795, 0.10526315789473673)","(5.794871794871795, 0.10526315789473673)",(-0.44573764769251717-0.35924371293990015j)
"(6.0, 0.10526315789473673)","(6.0, 0.10526315789473673)",(0.4071485234980098+0.0050636012213693335j)
"(2.0, 0.3157894736842106)","(-2.0, 0.3157894736842106)",(-0.5834795855404966+0.4886015040072746j)
"(1.794871794871795, 0.3157894736842106)","(-1.794871794871795, 0.3157894736842106)",(0.37982936894059605+0.6900306147924115j)
"(1.5897435897435899, 0.3157894736842106)","(-1.5897435897435899, 0.3157894736842106)",(0.15173684258275721-0.8241893271178062j)
"(1.3846153846153846, 0.3157894736842106)","(-1.3846153846153846, 0.3157894736842106)",(-0.6890663387792345-0.6074828364052022j)
"(1.1794871794871795, 0.3157894736842106)","(-1.1794871794871795, 0.3157894736842106)",(-0.5664922787986744+1.1024524384822503j)
"(0.9743589743589745, 0.3157894736842106)","(-0.9743589743589745, 0.3157894736842106)",(0.9345889837314572+0.6305835325263404j)
"(1.0769230769230766, 0.3157894736842106)","(1.0769230769230766, 0.3157894736842106)",(1.3604523520677243+0.8392188304937017j)
"(1.282051282051282, 0.3157894736842106)","(1.282051282051282, 0.3157894736842106)",(0.3951247441308655-0.1715323920462492j)
"(1.4871794871794872, 0.3157894736842106)","(1.4871794871794872, 0.3157894736842106)",(0.5606563489144314-0.3557861315404598j)
"(1.692307692307692, 0.3157894736842106)","(1.692307692307692, 0.3157894736842106)",(-0.05266766999581862+0.7954754248588618j)
"(1.8974358974358974, 0.3157894736842106)","(1.8974358974358974, 0.3157894736842106)",(-0.8972373667321698+0.6311587119189453j)
"(2.102564102564102, 0.3157894736842106)","(2.102564102564102, 0.3157894736842106)",(-0.03478359959647926-0.5930187980764455j)
"(2.3076923076923075, 0.3157894736842106)","(2.3076923076923075, 0.3157894736842106)",(0.5021781373175354+0.21196974812555938j)
"(2.5128205128205128, 0.3157894736842106)","(2.5128205128205128, 0.3157894736842106)",(-0.5977810003193217+0.0905699844450532j)
"(2.717948717948718, 0.3157894736842106)","(2.717948717948718, 0.3157894736842106)",(0.10505784540357233-0.7288490729310967j)
"(2.9230769230769234, 0.3157894736842106)","(2.9230769230769234, 0.3157894736842106)",(0.08359055517147455+0.5526619853835562j)
"(3.1282051282051277, 0.3157894736842106)","(3.1282051282051277, 0.3157894736842106)",(-0.3595236603957589+0.6284317288384555j)
"(3.333333333333333, 0.3157894736842106)","(3.333333333333333, 0.3157894736842106)",(0.27771183697961943-0.35703674542982694j)
"(3.5384615384615383, 0.3157894736842106)","(3.5384615384615383, 0.3157894736842106)",(0.5899278039184229+0.2680193358264067j)
"(3.7435897435897436, 0.3157894736842106)","(3.7435897435897436, 0.3157894736842106)",(-0.6114702272538776+0.2519526819638188j)
"(3.948717948717949, 0.3157894736842106)","(3.948717948717949, 0.3157894736842106)",(-0.2626907496973716-0.5456794100836521j)
"(4.153846153846153, 0.3157894736842106)","(4.153846153846153, 0.3157894736842106)",(0.7530331062037177+0.24819931111777796j)
"(4.358974358974359, 0.3157894736842106)","(4.358974358974359, 0.3157894736842106)",(-0.33402252025712753+0.17648761162965335j)
"(4.564102564102564, 0.3157894736842106)","(4.564102564102564, 0.3157894736842106)",(0.03338160197359101-0.5624160251974336j)
"(4.769230769230769, 0.3157894736842106)","(4.769230769230769, 0.3157894736842106)",(0.3949543343468321-0.025505120814924162j)
"(4.9743589743589745, 0.3157894736842106)","(4.9743589743589745, 0.3157894736842106)",(-0.4280070726374892+0.33465417404110137j)
"(5.179487179487179, 0.3157894736842106)","(5.179487179487179, 0.3157894736842106)",(-0.17053062837985003-0.38420862189222016j)
"(5.384615384615384, 0.3157894736842106)","(5.384615384615384, 0.3157894736842106)",(0.5923291999368758-0.2246120808624199j)
"(5.589743589743589, 0.3157894736842106)","(5.589743589743589, 0.3157894736842106)",(-0.249786214442275+0.4415174595629441j)
"(5.794871794871795, 0.3157894736842106)","(5.794871794871795, 0.3157894736842106)",(-0.05505201096499468-0.4032270408661503j)
"(6.0, 0.3157894736842106)","(6.0, 0.3157894736842106)",(0.503695675995806-0.10290550166095672j)
"(2.0, 0.5263157894736841)","(-2.0, 0.5263157894736841)",(-0.4916724472566495+0.11624083023374486j)
"(1.794871794871795, 0.5263157894736841)","(-1.794871794871795, 0.5263157894736841)",(-0.08651025148782901+1.0173189332027346j)
"(1.5897435897435899, 0.5263157894736841)","(-1.5897435897435899, 0.5263157894736841)",(1.0895653593808237+0.1363010952643046j)
"(1.3846153846153846, 0.5263157894736841)","(-1.3846153846153846, 0.5263157894736841)",(0.37811923665475716-0.884323261037581j)
"(1.1794871794871795, 0.5263157894736841)","(-1.1794871794871795, 0.5263157894736841)",(-0.9890632462688713-0.9420465406811351j)
"(0.9743589743589745, 0.5263157894736841)","(-0.9743589743589745, 0.5263157894736841)",(-0.6570786929452861-0.38997960283992367j)
"(0.8717948717948718, 0.5263157894736841)","(0.8717948717948718, 0.5263157894736841)",(0.8566639414093923-0.5735099760818627j)
"(1.0769230769230766, 0.5263157894736841)","(1.0769230769230766, 0.5263157894736841)",(0.1435907191271437+1.7837381117735611j)
"(1.282051282051282, 0.5263157894736841)","(1.282051282051282, 0.5263157894736841)",(-0.9586199617363718-0.30769967257301795j)
"(1.4871794871794872, 0.5263157894736841)","(1.4871794871794872, 0.5263157894736841)",(0.3359383293901871-0.9448446865414175j)
"(1.692307692307692, 0.5263157894736841)","(1.692307692307692, 0.5263157894736841)",(0.6152975400734012+0.9912687175138283j)
"(1.8974358974358974, 0.5263157894736841)","(1.8974358974358974, 0.5263157894736841)",(-0.2274817042477763+0.38725457052166934j)
"(2.102564102564102, 0.5263157894736841)","(2.102564102564102, 0.5263157894736841)",(0.19375723693297514-0.8190212091739416j)
"(2.3076923076923075, 0.5263157894736841)","(2.3076923076923075, 0.5263157894736841)",(0.20497855668737605+0.10428084292667622j)
"(2.5128205128205128, 0.5263157894736841)","(2.5128205128205128, 0.5263157894736841)",(-0.8889640642392704+0.17712351031959478j)
"(2.717948717948718, 0.5263157894736841)","(2.717948717948718, 0.5263157894736841)",(-0.10609343680861813-0.7718653872829043j)
"(2.9230769230769234, 0.5263157894736841)","(2.9230769230769234, 0.5263157894736841)",(0.28306460108565473+0.025046097676660987j)
"(3.1282051282051277, 0.5263157894736841)","(3.1282051282051277, 0.5263157894736841)",(-0.2045340676596677+0.012863259245977601j)
"(3.333333333333333, 0.5263157894736841)","(3.333333333333333, 0.5263157894736841)",(-0.07973292135676131-0.46274008468032646j)
"(3.5384615384615383, 0.5263157894736841)","(3.5384615384615383, 0.5263157894736841)",(0.26687635482631106+0.4641253207399369j)
"(3.7435897435897436, 0.5263157894736841)","(3.7435897435897436, 0.5263157894736841)",(-0.16825394895038093+0.7342053994437019j)
"(3.948717948717949, 0.5263157894736841)","(3.948717948717949, 0.5263157894736841)",(-0.24943350146322135-0.5267783742441832j)
"(4.153846153846153, 0.5263157894736841)","(4.153846153846153, 0.5263157894736841)",(0.4460398549747693+0.345916661319299j)
"(4.358974358974359, 0.5263157894736841)","(4.358974358974359, 0.5263157894736841)",(-0.10679313304544873+0.43257847879523526j)
"(4.564102564102564, 0.5263157894736841)","(4.564102564102564, 0.5263157894736841)",(-0.0011326880913053172-0.718651081896473j)
"(4.769230769230769, 0.5263157894736841)","(4.769230769230769, 0.5263157894736841)",(0.48594438693145+0.06242169018265907j)
"(4.9743589743589745, 0.5263157894736841)","(4.9743589743589745, 0.5263157894736841)",(-0.525509935852909+0.6171845110182583j)
"(5.179487179487179, 0.5263157894736841)","(5.179487179487179, 0.5263157894736841)",(0.09395566154989254-0.3363300536142725j)
"(5.384615384615384, 0.5263157894736841)","(5.384615384615384, 0.5263157894736841)",(0.410413810513214-0.3462054394630197j)
"(5.589743589743589, 0.5263157894736841)","(5.589743589743589, 0.5263157894736841)",(-0.10200438787417916+0.5474731472553689j)
"(5.794871794871795, 0.5263157894736841)","(5.794871794871795, 0.5263157894736841)",(-0.38760957146474145-0.4012061575877136j)
"(6.0, 0.5263157894736841)","(6.0, 0.5263157894736841)",(0.33238690225085604-0.19791498063896806j)
"(2.0, 0.7368421052631575)","(-2.0, 0.7368421052631575)",(-0.16122610342507324-0.8437495239187724j)
"(1.794871794871795, 0.7368421052631575)","(-1.794871794871795, 0.7368421052631575)",(-0.6312151290904653+0.2550411526257977j)
"(1.5897435897435899, 0.7368421052631575)","(-1.5897435897435899, 0.7368421052631575)",(-0.329155090283608+0.45004882001841445j)
"(1.3846153846153846, 0.7368421052631575)","(-1.3846153846153846, 0.7368421052631575)",(1.044855704917645-0.04538684447708176j)
"(1.1794871794871795, 0.7368421052631575)","(-1.1794871794871795, 0.7368421052631575)",(0.8764556788833858-0.7702026648845619j)
"(0.9743589743589745, 0.7368421052631575)","(-0.9743589743589745, 0.7368421052631575)",(0.6537386458528225-0.566681073452034j)
"(0.7692307692307692, 0.7368421052631575)","(-0.7692307692307692, 0.7368421052631575)",(0.3903145708035402-0.4499804137396368j)
"(0.8717948717948718, 0.7368421052631575)","(0.8717948717948718, 0.7368421052631575)",(1.2528212008060198-1.1110026813938352j)
"(1.0769230769230766, 0.7368421052631575)","(1.0769230769230766, 0.7368421052631575)",(-0.1619835749191532+0.48769930390429184j)
"(1.282051282051282, 0.7368421052631575)","(1.282051282051282, 0.7368421052631575)",(-0.7438312171420005+0.172351799220115j)
"(1.4871794871794872, 0.7368421052631575)","(1.4871794871794872, 0.7368421052631575)",(0.591633626489001-0.6935692155660673j)
"(1.692307692307692, 0.7368421052631575)","(1.692307692307692, 0.7368421052631575)",(0.615252279667734+0.2869008292577139j)
"(1.8974358974358974, 0.7368421052631575)","(1.8974358974358974, 0.7368421052631575)",(-0.6426700446888376+0.39991356191673993j)
"(2.102564102564102, 0.7368421052631575)","(2.102564102564102, 0.7368421052631575)",(-0.2724294528723542-0.3480642206430074j)
"(2.3076923076923075, 0.7368421052631575)","(2.3076923076923075, 0.7368421052631575)",(0.3948640692937527+0.5167657986750447j)
"(2.5128205128205128, 0.7368421052631575)","(2.5128205128205128, 0.7368421052631575)",(0.005717007046847418+0.3613813545697083j)
"(2.717948717948718, 0.7368421052631575)","(2.717948717948718, 0.7368421052631575)",(-0.035946400992431196-0.3352873917212792j)
"(2.9230769230769234, 0.7368421052631575)","(2.9230769230769234, 0.7368421052631575)",(0.29334422293787626-0.18196090997089473j)
"(3.1282051282051277, 0.7368421052631575)","(3.1282051282051277, 0.7368421052631575)",(-0.522188032248823+0.3041313059704082j)
"(3.333333333333333, 0.7368421052631575)","(3.333333333333333, 0.7368421052631575)",(-0.14199185198486294-0.3698466704267807j)
"(3.5384615384615383, 0.7368421052631575)","(3.5384615384615383, 0.7368421052631575)",(0.6346858412140921+0.5892904194365295j)
"(3.7435897435897436, 0.7368421052631575)","(3.7435897435897436, 0.7368421052631575)",(-0.7263628355686315+0.3254823877497623j)
"(3.948717948717949, 0.7368421052631575)","(3.948717948717949, 0.7368421052631575)",(-0.11415386082864776-0.6066533817516074j)
"(4.153846153846153, 0.7368421052631575)","(4.153846153846153, 0.7368421052631575)",(0.4451601457332321+0.00491416199425388j)
"(4.358974358974359, 0.7368421052631575)","(4.358974358974359, 0.7368421052631575)",(-0.33261813747689417+0.23072519015395226j)
"(4.564102564102564, 0.7368421052631575)","(4.564102564102564, 0.7368421052631575)",(0.12973797448975774-0.5248953525180825j)
"(4.769230769230769, 0.7368421052631575)","(4.769230769230769, 0.7368421052631575)",(0.16254429052645386+0.1325740084842492j)
"(4.9743589743589745, 0.7368421052631575)","(4.9743589743589745, 0.7368421052631575)",(-0.17830690848619057+0.2464557510489009j)
"(5.179487179487179, 0.7368421052631575)","(5.179487179487179, 0.7368421052631575)",(0.08242561478084218-0.38997512276593227j)
"(5.384615384615384, 0.7368421052631575)","(5.384615384615384, 0.7368421052631575)",(0.600060441803168+0.26309545357458525j)
"(5.589743589743589, 0.7368421052631575)","(5.589743589743589, 0.7368421052631575)",(-0.00039862194834099345+0.33520646860987985j)
"(5.794871794871795, 0.7368421052631575)","(5.794871794871795, 0.7368421052631575)",(0.031126815838060984-0.199598639544741j)
"(6.0, 0.7368421052631575)","(6.0, 0.7368421052631575)",(0.17786536566228703+0.16321980173619619j)
"(2.0, 0.9473684210526314)","(-2.0, 0.9473684210526314)",(1.1389197801448232-0.34146833060288817j)
"(1.794871794871795, 0.9473684210526314)","(-1.794871794871795, 0.9473684210526314)",(-0.024939145188184027-1.0948243876585084j)
"(1.5897435897435899, 0.9473684210526314)","(-1.5897435897435899, 0.9473684210526314)",(-1.324345529216131+0.0032184487263391542j)
"(1.3846153846153846, 0.9473684210526314)","(-1.3846153846153846, 0.9473684210526314)",(-0.43598370583115514+1.4189942798363786j)
"(1.1794871794871795, 0.9473684210526314)","(-1.1794871794871795, 0.9473684210526314)",(0.21324603093907354+0.7761382641794092j)
"(0.9743589743589745, 0.9473684210526314)","(-0.9743589743589745, 0.9473684210526314)",(0.4764702606383033+0.44473886830554143j)
"(0.7692307692307692, 0.9473684210526314)","(-0.7692307692307692, 0.9473684210526314)",(-0.11137579927744823+0.2547822789856223j)
"(0.5641025641025641, 0.9473684210526314)","(-0.5641025641025641, 0.9473684210526314)",(0.4150565926002245-0.013428910536217156j)
"(0.35897435897435903, 0.9473684210526314)","(-0.35897435897435903, 0.9473684210526314)",(-0.2773098956369008-0.620612466634675j)
"(0.4615384615384617, 0.9473684210526314)","(0.4615384615384617, 0.9473684210526314)",(-0.7985204763761048+0.23129502020793558j)
"(0.6666666666666665, 0.9473684210526314)","(0.6666666666666665, 0.9473684210526314)",(-0.3342306770449145+0.2984417570860164j)
"(0.8717948717948718, 0.9473684210526314)","(0.8717948717948718, 0.9473684210526314)",(-0.549996871195941+0.2579079160040698j)
"(1.0769230769230766, 0.9473684210526314)","(1.0769230769230766, 0.9473684210526314)",(-0.13925140122348795-0.31327215876908604j)
"(1.282051282051282, 0.9473684210526314)","(1.282051282051282, 0.9473684210526314)",(-0.2386316194486146-0.10430700232840709j)
"(1.4871794871794872, 0.9473684210526314)","(1.4871794871794872, 0.9473684210526314)",(0.46079990612152183+0.38807917590215385j)
"(1.692307692307692, 0.9473684210526314)","(1.692307692307692, 0.9473684210526314)",(-0.26696694763816603-0.044762284669347535j)
"(1.8974358974358974, 0.9473684210526314)","(1.8974358974358974, 0.9473684210526314)",(-0.5261132398461483-0.12413884153802368j)
"(2.102564102564102, 0.9473684210526314)","(2.102564102564102, 0.9473684210526314)",(0.8038162272217474-0.2599447786823995j)
"(2.3076923076923075, 0.9473684210526314)","(2.3076923076923075, 0.9473684210526314)",(0.3914114570963333+0.693409100007051j)
"(2.5128205128205128, 0.9473684210526314)","(2.5128205128205128, 0.9473684210526314)",(-0.11000813901580864+0.26197066143544845j)
"(2.717948717948718, 0.9473684210526314)","(2.717948717948718, 0.9473684210526314)",(0.3597670744536636-0.28408773108510743j)
"(2.9230769230769234, 0.9473684210526314)","(2.9230769230769234, 0.9473684210526314)",(0.04975504862794683+0.20889068189494245j)
"(3.1282051282051277, 0.9473684210526314)","(3.1282051282051277, 0.9473684210526314)",(-0.3492017239431544+0.2937485688416018j)
"(3.333333333333333, 0.9473684210526314)","(3.333333333333333, 0.9473684210526314)",(-0.01454019740893052-0.7517545042497111j)
"(3.5384615384615383, 0.9473684210526314)","(3.5384615384615383, 0.9473684210526314)",(-0.08116284259378156+0.3107466729827373j)
"(3.7435897435897436, 0.9473684210526314)","(3.7435897435897436, 0.9473684210526314)",(-0.24671025471398386+0.3493754617627115j)
"(3.948717948717949, 0.9473684210526314)","(3.948717948717949, 0.9473684210526314)",(0.0887160809774558-0.16478862053298793j)
"(4.153846153846153, 0.9473684210526314)","(4.153846153846153, 0.9473684210526314)",(0.35714137670887425+0.1842911777261722j)
"(4.358974358974359, 0.9473684210526314)","(4.358974358974359, 0.9473684210526314)",(-0.07607887623758866+0.1707230612617644j)
"(4.564102564102564, 0.9473684210526314)","(4.564102564102564, 0.9473684210526314)",(-0.3012337297977487-0.16950658388835715j)
"(4.769230769230769, 0.9473684210526314)","(4.769230769230769, 0.9473684210526314)",(0.4802105141743323+0.361734138774536j)
"(4.9743589743589745, 0.9473684210526314)","(4.9743589743589745, 0.9473684210526314)",(-0.3123302006950329+0.08808069830323512j)
"(5.179487179487179, 0.9473684210526314)","(5.179487179487179, 0.9473684210526314)",(-0.08579984251279181-0.17343938034049655j)
"(5.384615384615384, 0.9473684210526314)","(5.384615384615384, 0.9473684210526314)",(0.5988223607350456-0.050832756087703705j)
"(5.589743589743589, 0.9473684210526314)","(5.589743589743589, 0.9473684210526314)",(-0.12162168870711515+0.08597317036781453j)
"(5.794871794871795, 0.9473684210526314)","(5.794871794871795, 0.9473684210526314)",(-0.2332846946133026-0.3358772915471454j)
"(6.0, 0.9473684210526314)","(6.0, 0.9473684210526314)",(0.3233467822216214+0.32498628189490936j)
"(2.0, 1.1578947368421053)","(-2.0, 1.1578947368421053)",(0.6667260299893744+0.8639655669960125j)
"(1.794871794871795, 1.1578947368421053)","(-1.794871794871795, 1.1578947368421053)",(0.4185601036212696-0.23783752278722958j)
"(1.5897435897435899, 1.1578947368421053)","(-1.5897435897435899, 1.1578947368421053)",(0.1758762546968454-1.3758042542003348j)
"(1.3846153846153846, 1.1578947368421053)","(-1.3846153846153846, 1.1578947368421053)",(-0.5878788967958913-0.1447628714738837j)
"(1.1794871794871795, 1.1578947368421053)","(-1.1794871794871795, 1.1578947368421053)",(-0.5680800992609468-0.06271398393478698j)
"(0.9743589743589745, 1.1578947368421053)","(-0.9743589743589745, 1.1578947368421053)",(-1.183054353646618+0.651593613393907j)
"(0.7692307692307692, 1.1578947368421053)","(-0.7692307692307692, 1.1578947368421053)",(0.06493435834031085-0.3805797930705397j)
"(0.5641025641025641, 1.1578947368421053)","(-0.5641025641025641, 1.1578947368421053)",(-0.578537175399751-1.108531977248528j)
"(0.35897435897435903, 1.1578947368421053)","(-0.35897435897435903, 1.1578947368421053)",(-0.026868905302048628+0.20980610154914142j)
"(0.15384615384615397, 1.1578947368421053)","(-0.15384615384615397, 1.1578947368421053)",(0.03856583472343266+0.8735136703338708j)
"(0.0512820512820511, 1.1578947368421053)","(0.0512820512820511, 1.1578947368421053)",(0.7631185721935568+0.368085345667833j)
"(0.2564102564102564, 1.1578947368421053)","(0.2564102564102564, 1.1578947368421053)",(0.24507274305465626-0.7270283045141798j)
"(0.4615384615384617, 1.1578947368421053)","(0.4615384615384617, 1.1578947368421053)",(-0.37327785648443385-0.6848949453189355j)
"(0.6666666666666665, 1.1578947368421053)","(0.6666666666666665, 1.1578947368421053)",(0.13612621328259664-0.02199265419868351j)
"(0.8717948717948718, 1.1578947368421053)","(0.8717948717948718, 1.1578947368421053)",(-0.8653537308572-0.1594194037856211j)
"(1.0769230769230766, 1.1578947368421053)","(1.0769230769230766, 1.1578947368421053)",(-0.4381371674694145-0.3371541697170597j)
"(1.282051282051282, 1.1578947368421053)","(1.282051282051282, 1.1578947368421053)",(-0.28673844470615095-0.3045904029192536j)
"(1.4871794871794872, 1.1578947368421053)","(1.4871794871794872, 1.1578947368421053)",(-0.4642703964171361+0.4031248515432689j)
"(1.692307692307692, 1.1578947368421053)","(1.692307692307692, 1.1578947368421053)",(-1.0127388982727688+0.20878743461738078j)
"(1.8974358974358974, 1.1578947368421053)","(1.8974358974358974, 1.1578947368421053)",(-0.10656539820364444-0.014489072232261965j)
"(2.102564102564102, 1.1578947368421053)","(2.102564102564102, 1.1578947368421053)",(0.06750940316860463+0.13300455656518187j)
"(2.3076923076923075, 1.1578947368421053)","(2.3076923076923075, 1.1578947368421053)",(0.262578852324072+0.06539159740372723j)
"(2.5128205128205128, 1.1578947368421053)","(2.5128205128205128, 1.1578947368421053)",(-0.19991130796847795-0.0761344356150849j)
"(2.717948717948718, 1.1578947368421053)","(2.717948717948718, 1.1578947368421053)",(0.12005236639773152-0.18052217232865772j)
"(2.9230769230769234, 1.1578947368421053)","(2.9230769230769234, 1.1578947368421053)",(0.06852879608169749+0.06339393585898101j)
"(3.1282051282051277, 1.1578947368421053)","(3.1282051282051277, 1.1578947368421053)",(-0.4062054316889583-0.009888202931099752j)
"(3.333333333333333, 1.1578947368421053)","(3.333333333333333, 1.1578947368421053)",(0.33421071454358625-0.04718831533212726j)
"(3.5384615384615383, 1.1578947368421053)","(3.5384615384615383, 1.1578947368421053)",(0.3170713015765644+0.4099967086144981j)
"(3.7435897435897436, 1.1578947368421053)","(3.7435897435897436, 1.1578947368421053)",(-0.47570496983080846-0.005146219209329636j)
"(3.948717948717949, 1.1578947368421053)","(3.948717948717949, 1.1578947368421053)",(-0.10997810956236065+0.2891227532399556j)
"(4.153846153846153, 1.1578947368421053)","(4.153846153846153, 1.1578947368421053)",(0.37011335409095325+0.3170884258838426j)
"(4.358974358974359, 1.1578947368421053)","(4.358974358974359, 1.1578947368421053)",(-0.36861345745485385+0.0979877033419135j)
"(4.564102564102564, 1.1578947368421053)","(4.564102564102564, 1.1578947368421053)",(0.3229353699899465-0.27547229173232246j)
"(4.769230769230769, 1.1578947368421053)","(4.769230769230769, 1.1578947368421053)",(0.46722909903669924+0.3980581285628001j)
"(4.9743589743589745, 1.1578947368421053)","(4.9743589743589745, 1.1578947368421053)",(-0.2478765515928586-0.06351737014598796j)
"(5.179487179487179, 1.1578947368421053)","(5.179487179487179, 1.1578947368421053)",(0.03959033803544426-0.329000004147124j)
"(5.384615384615384, 1.1578947368421053)","(5.384615384615384, 1.1578947368421053)",(0.24618655082360522-0.016821904903527612j)
"(5.589743589743589, 1.1578947368421053)","(5.589743589743589, 1.1578947368421053)",(-0.3699202296891533-0.052321037350104245j)
"(5.794871794871795, 1.1578947368421053)","(5.794871794871795, 1.1578947368421053)",(-0.06086822774846605-0.15957262438775655j)
"(6.0, 1.1578947368421053)","(6.0, 1.1578947368421053)",(0.17362369233717906-0.006243432554357373j)
"(2.0, 1.3684210526315788)","(-2.0, 1.3684210526315788)",(-0.37545599387957374+0.5961484321498854j)
"(1.794871794871795, 1.3684210526315788)","(-1.794871794871795, 1.3684210526315788)",(0.5575824687058708+0.46117216808763456j)
"(1.5897435897435899, 1.3684210526315788)","(-1.5897435897435899, 1.3684210526315788)",(0.8786013777396652-0.012941142715318689j)
"(1.3846153846153846, 1.3684210526315788)","(-1.3846153846153846, 1.3684210526315788)",(0.8808676942251357-0.024345219497530594j)
"(1.1794871794871795, 1.3684210526315788)","(-1.1794871794871795, 1.3684210526315788)",(1.3696419921424148-0.3763309627085498j)
"(0.9743589743589745, 1.3684210526315788)","(-0.9743589743589745, 1.3684210526315788)",(0.026667662522212657-0.970316257374015j)
"(0.7692307692307692, 1.3684210526315788)","(-0.7692307692307692, 1.3684210526315788)",(0.08684521850501375-0.45726789158814435j)
"(0.5641025641025641, 1.3684210526315788)","(-0.5641025641025641, 1.3684210526315788)",(1.2163973961591097-0.08762549037001431j)
"(0.35897435897435903, 1.3684210526315788)","(-0.35897435897435903, 1.3684210526315788)",(0.2991277292526425+0.14124407342362433j)
"(0.15384615384615397, 1.3684210526315788)","(-0.15384615384615397, 1.3684210526315788)",(-0.65373893603537+0.31712384748093053j)
"(0.0512820512820511, 1.3684210526315788)","(0.0512820512820511, 1.3684210526315788)",(0.3177281846587572+0.42619095121937633j)
"(0.2564102564102564, 1.3684210526315788)","(0.2564102564102564, 1.3684210526315788)",(0.13605880835705866-0.44120353897800646j)
"(0.4615384615384617, 1.3684210526315788)","(0.4615384615384617, 1.3684210526315788)",(0.48990353391495856-0.08747785959487611j)
"(0.6666666666666665, 1.3684210526315788)","(0.6666666666666665, 1.3684210526315788)",(0.6273489915905491-0.14352752556629136j)
"(0.8717948717948718, 1.3684210526315788)","(0.8717948717948718, 1.3684210526315788)",(-0.40135804180387524+0.23076361729294495j)
"(1.0769230769230766, 1.3684210526315788)","(1.0769230769230766, 1.3684210526315788)",(-0.3544021240985098-0.14757796912910986j)
"(1.282051282051282, 1.3684210526315788)","(1.282051282051282, 1.3684210526315788)",(0.24494858052000912+0.20544788463196395j)
"(1.4871794871794872, 1.3684210526315788)","(1.4871794871794872, 1.3684210526315788)",(-0.046652473361182834+0.266932173924485j)
"(1.692307692307692, 1.3684210526315788)","(1.692307692307692, 1.3684210526315788)",(0.12543423788527006-0.00011872574733719915j)
"(1.8974358974358974, 1.3684210526315788)","(1.8974358974358974, 1.3684210526315788)",(0.6022887173112013-0.3440009896674193j)
"(2.102564102564102, 1.3684210526315788)","(2.102564102564102, 1.3684210526315788)",(0.31294195825294047-0.020182725527622895j)
"(2.3076923076923075, 1.3684210526315788)","(2.3076923076923075, 1.3684210526315788)",(-0.010314056259199657-0.22652787165826535j)
"(2.5128205128205128, 1.3684210526315788)","(2.5128205128205128, 1.3684210526315788)",(0.09079909071158321-0.573840062097064j)
"(2.717948717948718, 1.3684210526315788)","(2.717948717948718, 1.3684210526315788)",(0.4158499719194946-0.07583388547554251j)
"(2.9230769230769234, 1.3684210526315788)","(2.9230769230769234, 1.3684210526315788)",(0.022962003762931775+0.4825577505692923j)
"(3.1282051282051277, 1.3684210526315788)","(3.1282051282051277, 1.3684210526315788)",(-0.13888591035838072-0.054708971615278594j)
"(3.333333333333333, 1.3684210526315788)","(3.333333333333333, 1.3684210526315788)",(0.2492663653835927-0.10209707785322564j)
"(3.5384615384615383, 1.3684210526315788)","(3.5384615384615383, 1.3684210526315788)",(-0.05530891391531598+0.10878001456951304j)
"(3.7435897435897436, 1.3684210526315788)","(3.7435897435897436, 1.3684210526315788)",(0.18564205144191037-0.2561032088411241j)
"(3.948717948717949, 1.3684210526315788)","(3.948717948717949, 1.3684210526315788)",(-0.06320297850058051-0.23237468394898053j)
"(4.153846153846153, 1.3684210526315788)","(4.153846153846153, 1.3684210526315788)",(-0.23838005081626923+0.4939908931649097j)
"(4.358974358974359, 1.3684210526315788)","(4.358974358974359, 1.3684210526315788)",(-0.10784003941287253+0.0013212375335424215j)
"(4.564102564102564, 1.3684210526315788)","(4.564102564102564, 1.3684210526315788)",(0.12268761717658426-0.16968885736867467j)
"(4.769230769230769, 1.3684210526315788)","(4.769230769230769, 1.3684210526315788)",(0.024353094592387173+0.25277025360434696j)
"(4.9743589743589745, 1.3684210526315788)","(4.9743589743589745, 1.3684210526315788)",(-0.12709548554615108-0.003967388961313786j)
"(5.179487179487179, 1.3684210526315788)","(5.179487179487179, 1.3684210526315788)",(0.18957661659422181-0.14003636805699926j)
"(5.384615384615384, 1.3684210526315788)","(5.384615384615384, 1.3684210526315788)",(0.14135640539271058+0.2820939531401863j)
"(5.589743589743589, 1.3684210526315788)","(5.589743589743589, 1.3684210526315788)",(-0.42399875322459357-0.006816378363582693j)
"(5.794871794871795, 1.3684210526315788)","(5.794871794871795, 1.3684210526315788)",(-0.09035067818521877-0.11199114262777501j)
"(6.0, 1.3684210526315788)","(6.0, 1.3684210526315788)",(0.36291203334143507+0.26202690782054533j)
"(2.0, 1.5789473684210522)","(-2.0, 1.5789473684210522)",(-0.2566455470314106-0.9625083343622843j)
"(1.794871794871795, 1.5789473684210522)","(-1.794871794871795, 1.5789473684210522)",(-0.4462606103672855-0.1606225528891404j)
"(1.5897435897435899, 1.5789473684210522)","(-1.5897435897435899, 1.5789473684210522)",(-0.35094573252984895+0.3282550634138024j)
"(1.3846153846153846, 1.5789473684210522)","(-1.3846153846153846, 1.5789473684210522)",(-0.2854923887252799+0.4445668378399903j)
"(1.1794871794871795, 1.5789473684210522)","(-1.1794871794871795, 1.5789473684210522)",(-0.07341798951988088+0.34828809979328684j)
"(0.9743589743589745, 1.5789473684210522)","(-0.9743589743589745, 1.5789473684210522)",(0.13980490814041516+0.2651520819963699j)
"(0.7692307692307692, 1.5789473684210522)","(-0.7692307692307692, 1.5789473684210522)",(0.548718123446988+0.7019887049909826j)
"(0.5641025641025641, 1.5789473684210522)","(-0.5641025641025641, 1.5789473684210522)",(0.006012742325505686+0.6151200222387376j)
"(0.35897435897435903, 1.5789473684210522)","(-0.35897435897435903, 1.5789473684210522)",(0.6321311284290954-0.2635361991354531j)
"(0.15384615384615397, 1.5789473684210522)","(-0.15384615384615397, 1.5789473684210522)",(-0.6217158337486706-0.7225983840983556j)
"(0.0512820512820511, 1.5789473684210522)","(0.0512820512820511, 1.5789473684210522)",(-0.6643914245796665-0.8562475616203937j)
"(0.2564102564102564, 1.5789473684210522)","(0.2564102564102564, 1.5789473684210522)",(0.24269483113742435-0.43620541524438744j)
"(0.4615384615384617, 1.5789473684210522)","(0.4615384615384617, 1.5789473684210522)",(-0.2924460534332891+0.7538228080892639j)
"(0.6666666666666665, 1.5789473684210522)","(0.6666666666666665, 1.5789473684210522)",(-0.24025455269810989-0.20911856327130066j)
"(0.8717948717948718, 1.5789473684210522)","(0.8717948717948718, 1.5789473684210522)",(0.2301924586761818-0.2606690723994252j)
"(1.0769230769230766, 1.5789473684210522)","(1.0769230769230766, 1.5789473684210522)",(0.22289137462914782+0.10631730006543799j)
"(1.282051282051282, 1.5789473684210522)","(1.282051282051282, 1.5789473684210522)",(-0.41776195217657575-0.08639286119193733j)
"(1.4871794871794872, 1.5789473684210522)","(1.4871794871794872, 1.5789473684210522)",(0.40079687283067345-0.240194469154003j)
"(1.692307692307692, 1.5789473684210522)","(1.692307692307692, 1.5789473684210522)",(0.235854591349986-0.13325233870485836j)
"(1.8974358974358974, 1.5789473684210522)","(1.8974358974358974, 1.5789473684210522)",(0.08468331591142607+0.0943140517969929j)
"(2.102564102564102, 1.5789473684210522)","(2.102564102564102, 1.5789473684210522)",(-0.16553004870995675+0.11114202617228974j)
"(2.3076923076923075, 1.5789473684210522)","(2.3076923076923075, 1.5789473684210522)",(-0.2884833678872476-0.2735759600057423j)
"(2.5128205128205128, 1.5789473684210522)","(2.5128205128205128, 1.5789473684210522)",(-0.0035499721815533784-0.14049581141564688j)
"(2.717948717948718, 1.5789473684210522)","(2.717948717948718, 1.5789473684210522)",(0.11482499024246784+0.09469192488172187j)
"(2.9230769230769234, 1.5789473684210522)","(2.9230769230769234, 1.5789473684210522)",(-0.49058235584325194-0.26743691028201033j)
"(3.1282051282051277, 1.5789473684210522)","(3.1282051282051277, 1.5789473684210522)",(-0.19610891783670104-0.1086651859831705j)
"(3.333333333333333, 1.5789473684210522)","(3.333333333333333, 1.5789473684210522)",(0.2020142522811489-0.0799062944985293j)
"(3.5384615384615383, 1.5789473684210522)","(3.5384615384615383, 1.5789473684210522)",(-0.10011684475393454+0.1832673856133394j)
"(3.7435897435897436, 1.5789473684210522)","(3.7435897435897436, 1.5789473684210522)",(-0.28311381928070145+0.008391596307179679j)
"(3.948717948717949, 1.5789473684210522)","(3.948717948717949, 1.5789473684210522)",(0.1381043257712353+0.04674613026514418j)
"(4.153846153846153, 1.5789473684210522)","(4.153846153846153, 1.5789473684210522)",(-0.2793439245996192+0.01610970720901635j)
"(4.358974358974359, 1.5789473684210522)","(4.358974358974359, 1.5789473684210522)",(-0.03748733645573211-0.013469143589485255j)
"(4.564102564102564, 1.5789473684210522)","(4.564102564102564, 1.5789473684210522)",(0.29336928317825195+0.08869915554751095j)
"(4.769230769230769, 1.5789473684210522)","(4.769230769230769, 1.5789473684210522)",(-0.047995341787597984+0.22374222377782244j)
"(4.9743589743589745, 1.5789473684210522)","(4.9743589743589745, 1.5789473684210522)",(-0.3120399744482929+0.0398939140036855j)
"(5.179487179487179, 1.5789473684210522)","(5.179487179487179, 1.5789473684210522)",(0.2868820427373856-0.12112780111399318j)
"(5.384615384615384, 1.5789473684210522)","(5.384615384615384, 1.5789473684210522)",(0.1115316849465419+0.21168031203357007j)
"(5.589743589743589, 1.5789473684210522)","(5.589743589743589, 1.5789473684210522)",(0.12546348215284084-0.12501817357084574j)
"(5.794871794871795, 1.5789473684210522)","(5.794871794871795, 1.5789473684210522)",(0.06459805820887295-0.05121581199290413j)
"(6.0, 1.5789473684210522)","(6.0, 1.5789473684210522)",(0.12320598107016362+0.10505396052671516j)
"(2.0, 1.789473684210526)","(-2.0, 1.789473684210526)",(0.5259897195677389-0.0013153056594124649j)
"(1.794871794871795, 1.789473684210526)","(-1.794871794871795, 1.789473684210526)",(0.3413713207189497-0.7482881455380939j)
"(1.5897435897435899, 1.789473684210526)","(-1.5897435897435899, 1.789473684210526)",(-0.2619060091503603-0.5581084092419577j)
"(1.3846153846153846, 1.789473684210526)","(-1.3846153846153846, 1.789473684210526)",(-0.4289309911829796+0.016659206620821772j)
"(1.1794871794871795, 1.789473684210526)","(-1.1794871794871795, 1.789473684210526)",(-0.17932031619016747+0.10674126450643263j)
"(0.9743589743589745, 1.789473684210526)","(-0.9743589743589745, 1.789473684210526)",(-0.08998151625055173-0.8874247733547552j)
"(0.7692307692307692, 1.789473684210526)","(-0.7692307692307692, 1.789473684210526)",(-0.5919293074963135+0.0959522364449707j)
"(0.5641025641025641, 1.789473684210526)","(-0.5641025641025641, 1.789473684210526)",(-0.42063914903055255+0.18270131792604205j)
"(0.35897435897435903, 1.789473684210526)","(-0.35897435897435903, 1.789473684210526)",(0.298626159141483-0.3767843771668498j)
"(0.15384615384615397, 1.789473684210526)","(-0.15384615384615397, 1.789473684210526)",(0.4996070109029817-0.48057994318916186j)
"(0.0512820512820511, 1.789473684210526)","(0.0512820512820511, 1.789473684210526)",(0.4091355195193394-0.093292653015225j)
"(0.2564102564102564, 1.789473684210526)","(0.2564102564102564, 1.789473684210526)",(-0.26293343813638154+0.1797045671948203j)
"(0.4615384615384617, 1.789473684210526)","(0.4615384615384617, 1.789473684210526)",(-0.24835478890564128+0.4475659565551334j)
"(0.6666666666666665, 1.789473684210526)","(0.6666666666666665, 1.789473684210526)",(0.527170230110646-0.4059993379788125j)
"(0.8717948717948718, 1.789473684210526)","(0.8717948717948718, 1.789473684210526)",(0.3984514446766806+0.383796983709649j)
"(1.0769230769230766, 1.789473684210526)","(1.0769230769230766, 1.789473684210526)",(-0.19262109177482564+0.031098033971772916j)
"(1.282051282051282, 1.789473684210526)","(1.282051282051282, 1.789473684210526)",(-0.5362747530697269+0.31113456049968946j)
"(1.4871794871794872, 1.789473684210526)","(1.4871794871794872, 1.789473684210526)",(-0.2356872305911671-0.40211872779719465j)
"(1.692307692307692, 1.789473684210526)","(1.692307692307692, 1.789473684210526)",(-0.11636701498932633+0.48118802382060316j)
"(1.8974358974358974, 1.789473684210526)","(1.8974358974358974, 1.789473684210526)",(-0.46423529607044967+0.2314245644911331j)
"(2.102564102564102, 1.789473684210526)","(2.102564102564102, 1.789473684210526)",(-0.08408054130596751-0.295802984399974j)
"(2.3076923076923075, 1.789473684210526)","(2.3076923076923075, 1.789473684210526)",(0.0829980968504606-0.11636833605851736j)
"(2.5128205128205128, 1.789473684210526)","(2.5128205128205128, 1.789473684210526)",(-0.06454913894537984+0.12488314495119221j)
"(2.717948717948718, 1.789473684210526)","(2.717948717948718, 1.789473684210526)",(-0.24320682597792087+0.3402677309387281j)
"(2.9230769230769234, 1.789473684210526)","(2.9230769230769234, 1.789473684210526)",(0.1130213865201776-0.187918985724789j)
"(3.1282051282051277, 1.789473684210526)","(3.1282051282051277, 1.789473684210526)",(-0.07995313497249232-0.09027858963768765j)
"(3.333333333333333, 1.789473684210526)","(3.333333333333333, 1.789473684210526)",(-0.08223157209390715+0.369634967594133j)
"(3.5384615384615383, 1.789473684210526)","(3.5384615384615383, 1.789473684210526)",(-0.32043472173667137-0.022990273537536087j)
"(3.7435897435897436, 1.789473684210526)","(3.7435897435897436, 1.789473684210526)",(0.024193600448403605-0.2765923098998789j)
"(3.948717948717949, 1.789473684210526)","(3.948717948717949, 1.789473684210526)",(0.1613973227937642+0.4662075957545848j)
"(4.153846153846153, 1.789473684210526)","(4.153846153846153, 1.789473684210526)",(0.12042312318939336-0.01067024441290107j)
"(4.358974358974359, 1.789473684210526)","(4.358974358974359, 1.789473684210526)",(-0.10477490571147641-0.3857559528049106j)
"(4.564102564102564, 1.789473684210526)","(4.564102564102564, 1.789473684210526)",(0.43370190311638956+0.03548462650438171j)
"(4.769230769230769, 1.789473684210526)","(4.769230769230769, 1.789473684210526)",(-0.22545712085987482+0.2738429813624603j)
"(4.9743589743589745, 1.789473684210526)","(4.9743589743589745, 1.789473684210526)",(-0.07311185605150194-0.15614314294657836j)
"(5.179487179487179, 1.789473684210526)","(5.179487179487179, 1.789473684210526)",(0.03883698964397693-0.06397295086193451j)
"(5.384615384615384, 1.789473684210526)","(5.384615384615384, 1.789473684210526)",(0.1424801969209671-0.04528004243245002j)
"(5.589743589743589, 1.789473684210526)","(5.589743589743589, 1.789473684210526)",(-0.005279754171133164-0.30490766379016754j)
"(5.794871794871795, 1.789473684210526)","(5.794871794871795, 1.789473684210526)",(0.13662974861687255-0.24210634351341243j)
"(6.0, 1.789473684210526)","(6.0, 1.789473684210526)",(-0.06764462710555179+0.1818140794979234j)
"(2.0, 2.0)","(-2.0, 2.0)",(-0.17837610915259894+0.9900523484063767j)
"(1.794871794871795, 2.0)","(-1.794871794871795, 2.0)",(0.4373540356233852+0.3760535718120272j)
"(1.5897435897435899, 2.0)","(-1.5897435897435899, 2.0)",(0.34223477715379963-0.17616340999209423j)
"(1.3846153846153846, 2.0)","(-1.3846153846153846, 2.0)",(0.25379434037267107-0.07344691860601328j)
"(1.1794871794871795, 2.0)","(-1.1794871794871795, 2.0)",(0.516544689226136-0.08657237329577919j)
"(0.9743589743589745, 2.0)","(-0.9743589743589745, 2.0)",(0.2492877136912369-0.09297294576798422j)
"(0.7692307692307692, 2.0)","(-0.7692307692307692, 2.0)",(0.49404592678656933-0.5645935726548624j)
"(0.5641025641025641, 2.0)","(-0.5641025641025641, 2.0)",(0.043804975353727064-0.6416902959116152j)
"(0.35897435897435903, 2.0)","(-0.35897435897435903, 2.0)",(-0.15497095521553705+0.34083108421452357j)
"(0.15384615384615397, 2.0)","(-0.15384615384615397, 2.0)",(0.5203207896546536+0.5842086057258452j)
"(0.0512820512820511, 2.0)","(0.0512820512820511, 2.0)",(0.33672524513360114+0.8586844026814168j)
"(0.2564102564102564, 2.0)","(0.2564102564102564, 2.0)",(-0.08684279106441391+0.24250616183648666j)
"(0.4615384615384617, 2.0)","(0.4615384615384617, 2.0)",(0.10060629812244333-0.43639999943719904j)
"(0.6666666666666665, 2.0)","(0.6666666666666665, 2.0)",(-0.29303281117310587+0.05000308442264661j)
"(0.8717948717948718, 2.0)","(0.8717948717948718, 2.0)",(-0.2211395684328695-0.25402918255179996j)
"(1.0769230769230766, 2.0)","(1.0769230769230766, 2.0)",(-0.19159738554442457-0.06807482770758459j)
"(1.282051282051282, 2.0)","(1.282051282051282, 2.0)",(-0.273973566415997+0.047018910987213926j)
"(1.4871794871794872, 2.0)","(1.4871794871794872, 2.0)",(-0.11954565470564957-0.027236978391865306j)
"(1.692307692307692, 2.0)","(1.692307692307692, 2.0)",(0.12001891300459558-0.2892352254598887j)
"(1.8974358974358974, 2.0)","(1.8974358974358974, 2.0)",(-0.010800835857082788-0.09643852497378036j)
"(2.102564102564102, 2.0)","(2.102564102564102, 2.0)",(0.21655977179188896-0.08285843000386453j)
"(2.3076923076923075, 2.0)","(2.3076923076923075, 2.0)",(0.12778990408092863+0.2512579527672788j)
"(2.5128205128205128, 2.0)","(2.5128205128205128, 2.0)",(-0.0860267976014355+0.05941066491049189j)
"(2.717948717948718, 2.0)","(2.717948717948718, 2.0)",(0.031505001372905066-0.1795072784896314j)
"(2.9230769230769234, 2.0)","(2.9230769230769234, 2.0)",(0.32030085217908094-0.36454125386019753j)
"(3.1282051282051277, 2.0)","(3.1282051282051277, 2.0)",(0.15927118536761287+0.2927662736577161j)
"(3.333333333333333, 2.0)","(3.333333333333333, 2.0)",(-0.16228961855460688+0.0027168020136051838j)
"(3.5384615384615383, 2.0)","(3.5384615384615383, 2.0)",(0.30291284311417094-0.3025492574076641j)
"(3.7435897435897436, 2.0)","(3.7435897435897436, 2.0)",(0.21957087472703066-0.18935986830923096j)
"(3.948717948717949, 2.0)","(3.948717948717949, 2.0)",(0.16355958051097516+0.06998123727525506j)
"(4.153846153846153, 2.0)","(4.153846153846153, 2.0)",(-0.1744746725105107+0.1149476543748979j)
"(4.358974358974359, 2.0)","(4.358974358974359, 2.0)",(0.12740197642176967-0.12798886768115056j)
"(4.564102564102564, 2.0)","(4.564102564102564, 2.0)",(0.07514411324098999-0.0681149581869153j)
"(4.769230769230769, 2.0)","(4.769230769230769, 2.0)",(0.07379729882010881+0.4626654379218418j)
"(4.9743589743589745, 2.0)","(4.9743589743589745, 2.0)",(-0.025503743394092535+0.18139577079068936j)
"(5.179487179487179, 2.0)","(5.179487179487179, 2.0)",(0.08414390939486334+0.20138457788759107j)
"(5.384615384615384, 2.0)","(5.384615384615384, 2.0)",(-0.31402022396214924+0.23464473327817664j)
"(5.589743589743589, 2.0)","(5.589743589743589, 2.0)",(0.08879225993577572-0.2846541194357274j)
"(5.794871794871795, 2.0)","(5.794871794871795, 2.0)",(0.3121824832517065-0.09309576547118299j)
"(6.0, 2.0)","(6.0, 2.0)",(-0.1269143364192148+0.09430283021339296j)
